root_trace_id,concurrency,baseline_concurrency,baseline_available_at_conc1,profiled_request_count,baseline_profiled_request_count,total_input_tokens,baseline_total_input_tokens,total_output_tokens,baseline_total_output_tokens,median_ttft_ms,baseline_median_ttft_ms,median_itl_ms,baseline_median_itl_ms,median_e2e_ms,baseline_median_e2e_ms,wall_clock_output_rate,baseline_wall_clock_output_rate,ttft_ratio,itl_ratio,e2e_ratio,wall_clock_output_rate_ratio,request_coverage_ratio,input_token_coverage_ratio,output_token_coverage_ratio,coverage_comparable
002001296e8a8c38ad9d7cc436d691afc602,4,4,False,31.0,31.0,31.0,31.0,31.0,31.0,66687.275705,66687.275705,,,66687.275705,66687.275705,0.014497035087858384,0.014497035087858384,1.0,,1.0,1.0,1.0,1.0,1.0,True
002001296e8a8c38ad9d7cc436d691afc602,5,4,False,24.0,31.0,544224.0,31.0,8514.0,31.0,155333.56941449997,66687.275705,32.730160296184906,,179870.560117,66687.275705,2.402509808895781,0.014497035087858384,2.3292834768305517,,2.697224593679329,165.72421838917535,0.7741935483870968,17555.612903225807,274.64516129032256,False
002001296e8a8c38ad9d7cc436d691afc602,6,4,False,21.0,31.0,544227.0,31.0,8511.0,31.0,153881.12180999998,66687.275705,32.62850420898785,,187276.850051,66687.275705,2.3899087408541795,0.014497035087858384,2.307503495730033,,2.808284610087297,164.8550014792877,0.6774193548387096,17555.709677419356,274.5483870967742,False
002001296e8a8c38ad9d7cc436d691afc602,7,4,False,17.0,31.0,544205.0,31.0,8507.0,31.0,209387.76997599998,66687.275705,32.37955409212132,,209387.76997599998,66687.275705,2.5083081790968857,0.014497035087858384,3.139845911568716,,3.139845911568716,173.02214997035182,0.5483870967741935,17555.0,274.4193548387097,False
002001296e8a8c38ad9d7cc436d691afc602,8,4,False,15.0,31.0,544209.0,31.0,8505.0,31.0,249645.09415,66687.275705,30.7012315865137,,258082.74023999998,66687.275705,2.5574538401046816,0.014497035087858384,3.7435191573027837,,3.870044735095541,176.4121990879784,0.4838709677419355,17555.129032258064,274.35483870967744,False
006c98de37d819e95b0840e25426bb7ca99d,5,5,False,11.0,11.0,1260120.0,1260120.0,9145.0,9145.0,78366.78641999999,78366.78641999999,30.247975879237284,30.247975879237284,100131.843408,100131.843408,7.343763126627268,7.343763126627268,1.0,1.0,1.0,1.0,1.0,1.0,1.0,True
006c98de37d819e95b0840e25426bb7ca99d,6,5,False,12.0,11.0,1365097.0,1260120.0,9982.0,9145.0,142082.7069945,78366.78641999999,30.416529173846463,30.247975879237284,164275.616633,100131.843408,4.911122164891391,7.343763126627268,1.8130475101150643,1.0055723826044465,1.6405931524064528,0.6687473547566474,1.0909090909090908,1.0833071453512364,1.0915254237288134,True
006c98de37d819e95b0840e25426bb7ca99d,7,5,False,13.0,11.0,1467610.0,1260120.0,10462.0,9145.0,189982.596053,78366.78641999999,30.77239883394834,30.247975879237284,211528.597695,100131.843408,3.62991124035632,7.343763126627268,2.424274424560486,1.017337456126148,2.11250078392245,0.49428490240852996,1.1818181818181819,1.1646589213725678,1.1440131219245488,True
006c98de37d819e95b0840e25426bb7ca99d,8,5,False,13.0,11.0,1467636.0,1260120.0,10462.0,9145.0,236222.46362,78366.78641999999,30.62997891979301,30.247975879237284,265357.847123,100131.843408,3.1842754897334817,7.343763126627268,3.0143186215903532,1.0126290447361121,2.6500845094977983,0.43360269589685246,1.1818181818181819,1.1646795543281592,1.1440131219245488,True
00ca01c4aaeccee751ae6285beb54dea262f,5,5,False,4.0,4.0,4.0,4.0,4.0,4.0,90445.06938449999,90445.06938449999,,,90445.06938449999,90445.06938449999,0.009874387565997454,0.009874387565997454,1.0,,1.0,1.0,1.0,1.0,1.0,True
00ca01c4aaeccee751ae6285beb54dea262f,6,5,False,6.0,4.0,6.0,4.0,6.0,4.0,236014.8856635,90445.06938449999,,,236014.8856635,90445.06938449999,0.004840482788857258,0.009874387565997454,2.609483162207038,,2.609483162207038,0.49020587418763123,1.5,1.5,1.5,False
00ca01c4aaeccee751ae6285beb54dea262f,7,5,False,6.0,4.0,6.0,4.0,6.0,4.0,240048.8782555,90445.06938449999,,,240048.8782555,90445.06938449999,0.0045001101312143665,0.009874387565997454,2.6540847377207974,,2.6540847377207974,0.4557356191598695,1.5,1.5,1.5,False
00ca01c4aaeccee751ae6285beb54dea262f,8,5,False,7.0,4.0,7.0,4.0,7.0,4.0,195743.047631,90445.06938449999,,,195743.047631,90445.06938449999,0.004791544380375378,0.009874387565997454,2.1642202163487467,,2.1642202163487467,0.48524977861666135,1.75,1.75,1.75,False
0196085d85d2075a50b74cd8795ffbdcea9a,1,1,True,90.0,90.0,639856.0,639856.0,4105.0,4105.0,3031.4045515,3031.4045515,29.444962318394023,29.444962318394023,3088.825393,3088.825393,5.170035594336273,5.170035594336273,1.0,1.0,1.0,1.0,1.0,1.0,1.0,True
0196085d85d2075a50b74cd8795ffbdcea9a,2,1,True,88.0,90.0,639849.0,639856.0,4103.0,4105.0,3257.140192,3031.4045515,30.459596112044817,29.444962318394023,3257.140192,3088.825393,2.559502127395848,5.170035594336273,1.0744656929370584,1.034458654851698,1.05449152269385,0.4950647013339249,0.9777777777777777,0.9999890600385086,0.9995127892813642,True
0196085d85d2075a50b74cd8795ffbdcea9a,3,1,True,107.0,90.0,639873.0,639856.0,4122.0,4105.0,3100.305765,3031.4045515,29.824580952170063,29.444962318394023,3100.305765,3088.825393,2.104624689033005,5.170035594336273,1.0227291383678587,1.0128924815617406,1.003716743596455,0.40708127644974096,1.1888888888888889,1.0000265684779075,1.0041412911084044,True
0196085d85d2075a50b74cd8795ffbdcea9a,4,1,True,59.0,90.0,639825.0,639856.0,4074.0,4105.0,12517.814059,3031.4045515,33.83607094871795,29.444962318394023,17796.664845,3088.825393,1.6463781406032179,5.170035594336273,4.129377602473393,1.1491293683055877,5.761628638941974,0.31844619066197727,0.6555555555555556,0.9999515515991098,0.9924482338611449,False
0196085d85d2075a50b74cd8795ffbdcea9a,5,1,True,48.0,90.0,119415.0,639856.0,931.0,4105.0,3643.317129,3031.4045515,32.02536336806342,29.444962318394023,3643.317129,3088.825393,0.2665085388284141,5.170035594336273,1.201857774871128,1.0876347207297135,1.1795154032521902,0.05154868549074822,0.5333333333333333,0.18662792878397638,0.22679658952496956,False
0196085d85d2075a50b74cd8795ffbdcea9a,6,1,True,17.0,90.0,17.0,639856.0,17.0,4105.0,206488.526954,3031.4045515,,29.444962318394023,206488.526954,3088.825393,0.004839784449936332,5.170035594336273,68.11645342810657,,66.85017787730936,0.0009361220752983348,0.18888888888888888,2.6568477907529194e-05,0.0041412911084043845,False
0196085d85d2075a50b74cd8795ffbdcea9a,7,1,True,12.0,90.0,12.0,639856.0,12.0,4105.0,289554.5308125,3031.4045515,,29.444962318394023,289554.5308125,3088.825393,0.003435741699891516,5.170035594336273,95.51827408493617,,93.742602436738,0.0006645489450121658,0.13333333333333333,1.8754219699432373e-05,0.00292326431181486,False
0196085d85d2075a50b74cd8795ffbdcea9a,8,1,True,11.0,90.0,11.0,639856.0,11.0,4105.0,309425.05368199997,3031.4045515,,29.444962318394023,309425.05368199997,3088.825393,0.0032067020591780935,5.170035594336273,102.07316391634045,,100.17563776289505,0.0006202475786996527,0.12222222222222222,1.719136805781301e-05,0.002679658952496955,False
02bc0afb13f7a2d9efa86c28511261d85c0e,1,1,True,265.0,265.0,11048194.0,11048194.0,123157.0,123157.0,1045.5975839999999,1045.5975839999999,30.23848863861386,30.23848863861386,4091.285528,4091.285528,44.02014427368842,44.02014427368842,1.0,1.0,1.0,1.0,1.0,1.0,1.0,True
02bc0afb13f7a2d9efa86c28511261d85c0e,2,1,True,177.0,265.0,150818.0,11048194.0,2663.0,123157.0,2173.7533989999997,1045.5975839999999,29.078762231099656,30.23848863861386,2189.818484,4091.285528,1.1123453018131881,44.02014427368842,2.078957939711536,0.9616473421878216,0.5352397110916087,0.025269006273522267,0.6679245283018868,0.013650918874161696,0.021622806661415916,False
02bc0afb13f7a2d9efa86c28511261d85c0e,3,1,True,188.0,265.0,158338.0,11048194.0,2756.0,123157.0,2343.9353295,1045.5975839999999,32.3050345260989,30.23848863861386,2369.1291785,4091.285528,0.9015393320600666,44.02014427368842,2.241718387042486,1.0683415732903432,0.5790671812774051,0.020480153959852688,0.7094339622641509,0.01433157310597551,0.022377940352558117,False
02bc0afb13f7a2d9efa86c28511261d85c0e,4,1,True,108.0,265.0,6495871.0,11048194.0,91153.0,123157.0,3806.7476975,1045.5975839999999,33.67364311965812,30.23848863861386,18427.41323,4091.285528,25.528945054752235,44.02014427368842,3.640738804059823,1.1136020560451438,4.50406433476378,0.5799377870283654,0.4075471698113208,0.5879577241312018,0.7401365736417743,False
02bc0afb13f7a2d9efa86c28511261d85c0e,5,1,True,110.0,265.0,3740784.0,11048194.0,24440.0,123157.0,30759.921371999997,1045.5975839999999,33.210020332289716,30.23848863861386,35297.433625,4091.285528,6.782899946126754,44.02014427368842,29.418508461281984,1.0982698483773186,8.627467670841085,0.1540862725018602,0.41509433962264153,0.3385878271145492,0.19844588614532668,False
02bc0afb13f7a2d9efa86c28511261d85c0e,6,1,True,59.0,265.0,2148999.0,11048194.0,13385.0,123157.0,153820.622229,1045.5975839999999,30.72500340756034,30.23848863861386,159695.779112,4091.285528,3.6923918993157456,44.02014427368842,147.11264121379227,1.0160892554770484,39.03315425410221,0.0838795955860315,0.22264150943396227,0.19451133823319902,0.1086824135047135,False
02bc0afb13f7a2d9efa86c28511261d85c0e,7,1,True,46.0,265.0,1743306.0,11048194.0,12605.0,123157.0,206869.5531265,1045.5975839999999,31.338926857142855,30.23848863861386,210586.79929199998,4091.285528,3.4984999763286986,44.02014427368842,197.84815524831973,1.0363919715591792,51.47203680867125,0.0794749775143243,0.17358490566037735,0.15779103806468278,0.10234903415964988,False
02bc0afb13f7a2d9efa86c28511261d85c0e,8,1,True,43.0,265.0,1565489.0,11048194.0,12326.0,123157.0,239140.13206,1045.5975839999999,30.968213022383253,30.23848863861386,242462.37939,4091.285528,3.495477888321173,44.02014427368842,228.71144283363228,1.0241323034524137,59.26312835675545,0.07940632512670974,0.16226415094339622,0.14169637137074167,0.10008363308622327,False
03e110ac6921c2fe9ac7772a9654314a2beb,2,2,False,86.0,86.0,4049984.0,4049984.0,83665.0,83665.0,1256.140018,1256.140018,32.20961096704871,32.20961096704871,10327.094021500001,10327.094021500001,42.1207703650473,42.1207703650473,1.0,1.0,1.0,1.0,1.0,1.0,1.0,True
03e110ac6921c2fe9ac7772a9654314a2beb,3,2,False,42.0,86.0,2201242.0,4049984.0,38371.0,83665.0,5284.9023175,1256.140018,29.465227999379906,32.20961096704871,30176.559623999998,10327.094021500001,23.450969343879734,42.1207703650473,4.207255753156015,0.914796146700549,2.9220765842913163,0.5567554710096148,0.4883720930232558,0.5435186904442092,0.458626665869838,False
03e110ac6921c2fe9ac7772a9654314a2beb,4,2,False,73.0,86.0,2985634.0,4049984.0,42949.0,83665.0,36498.341760999996,1256.140018,32.063225223252935,32.20961096704871,52322.703198999996,10327.094021500001,13.210204484668237,42.1207703650473,29.055950163192712,0.9954552154030817,5.066546609343271,0.31362684894363524,0.8488372093023255,0.737196492628119,0.5133448873483536,False
03e110ac6921c2fe9ac7772a9654314a2beb,5,2,False,29.0,86.0,1887420.0,4049984.0,44744.0,83665.0,94602.878249,1256.140018,30.70929830645161,32.20961096704871,137716.182627,10327.094021500001,14.19417853123642,42.1207703650473,75.31236716717675,0.9534203420795129,13.335424499892067,0.3369876288638597,0.3372093023255814,0.46603147074161283,0.5347994979979681,False
03e110ac6921c2fe9ac7772a9654314a2beb,6,2,False,37.0,86.0,1029143.0,4049984.0,25119.0,83665.0,102119.774318,1256.140018,33.00125551480051,32.20961096704871,135321.454989,10327.094021500001,7.068499230907431,42.1207703650473,81.29648992521787,1.0245778984589933,13.103536649058674,0.16781505109348666,0.43023255813953487,0.25411038660893476,0.3002330723719596,False
03e110ac6921c2fe9ac7772a9654314a2beb,7,2,False,30.0,86.0,673339.0,4049984.0,12582.0,83665.0,179185.71914099998,1256.140018,31.571972210724198,32.20961096704871,195372.6353655,10327.094021500001,3.4847912662471754,42.1207703650473,142.6478868385196,0.980203462967099,18.91845227309379,0.08273332220768043,0.3488372093023256,0.16625720002844455,0.15038546584593318,False
03e110ac6921c2fe9ac7772a9654314a2beb,8,2,False,18.0,86.0,185549.0,4049984.0,4296.0,83665.0,271908.19333449996,1256.140018,31.28228454612528,32.20961096704871,287283.92278399994,10327.094021500001,1.1964599194682137,42.1207703650473,216.46328390001182,0.9712096360967504,27.818466858721617,0.02840546146470914,0.20930232558139536,0.04581474889777342,0.051347636407099745,False
0470d446a4514dfe0c6ad0be92853bd13287,2,2,False,44.0,44.0,4562441.0,4562441.0,35107.0,35107.0,1032.3949049999999,1032.3949049999999,31.86504210567822,31.86504210567822,19310.584450000002,19310.584450000002,29.128141168646223,29.128141168646223,1.0,1.0,1.0,1.0,1.0,1.0,1.0,True
0470d446a4514dfe0c6ad0be92853bd13287,3,2,False,50.0,44.0,5395187.0,4562441.0,40009.0,35107.0,1117.1301265,1032.3949049999999,31.389678528744724,31.86504210567822,27745.196907999998,19310.584450000002,20.14990848619854,29.128141168646223,1.0820763654388628,0.9850819724211571,1.4367870107628977,0.6917677434181098,1.1363636363636365,1.1825220315177774,1.139630273164896,True
0470d446a4514dfe0c6ad0be92853bd13287,4,2,False,46.0,44.0,4831144.0,4562441.0,36162.0,35107.0,1125.8721845,1032.3949049999999,34.548414688336834,31.86504210567822,25321.45723,19310.584450000002,24.907924558611345,29.128141168646223,1.0905441116062076,1.0842105456430715,1.3112734777947126,0.8551154848639104,1.0454545454545454,1.058894569814711,1.030050986982653,True
0470d446a4514dfe0c6ad0be92853bd13287,5,2,False,24.0,44.0,2058884.0,4562441.0,21099.0,35107.0,44535.927047,1032.3949049999999,31.78305321518632,31.86504210567822,81568.7454785,19310.584450000002,9.798737743782729,29.128141168646223,43.1384607104391,0.9974269956957851,4.224043331764617,0.33640106613909754,0.5454545454545454,0.45126808215163766,0.6009912553052098,False
0470d446a4514dfe0c6ad0be92853bd13287,6,2,False,18.0,44.0,1381577.0,4562441.0,13063.0,35107.0,113192.8565615,1032.3949049999999,32.5968085747693,31.86504210567822,132554.5998115,19310.584450000002,5.4757238585996815,29.128141168646223,109.64104531443809,1.0229645536530039,6.8643494532605915,0.18798741144847914,0.4090909090909091,0.30281531311856963,0.37209103597573134,False
0470d446a4514dfe0c6ad0be92853bd13287,7,2,False,88.0,44.0,5388444.0,4562441.0,37554.0,35107.0,185939.511121,1032.3949049999999,30.831595600294147,31.86504210567822,194710.897363,19310.584450000002,10.410558817557126,29.128141168646223,180.1050259164152,0.967568016952348,10.083117777566798,0.35740553292714533,2.0,1.1810440945976068,1.0697011991910446,False
0470d446a4514dfe0c6ad0be92853bd13287,8,2,False,84.0,44.0,5178223.0,4562441.0,35880.0,35107.0,211108.90094649998,1032.3949049999999,30.49574209738114,31.86504210567822,221964.953937,19310.584450000002,10.08739143788767,29.128141168646223,204.48464044531488,0.957028143764697,11.494471050926684,0.3463108538057287,1.9090909090909092,1.1349676631434795,1.0220184008887117,False
04dba6fe621301a1d01fd63b8d02c9645c48,3,3,False,25.0,25.0,688586.0,688586.0,41795.0,41795.0,52355.610464,52355.610464,31.00703912898936,31.00703912898936,95170.593526,95170.593526,60.7636244689422,60.7636244689422,1.0,1.0,1.0,1.0,1.0,1.0,1.0,True
04dba6fe621301a1d01fd63b8d02c9645c48,4,3,False,25.0,25.0,688561.0,688586.0,41795.0,41795.0,2002.341232,52355.610464,38.63865188314059,31.00703912898936,65843.084915,95170.593526,76.01210437173893,60.7636244689422,0.03824501737739876,1.2461251692689426,0.691842747592113,1.2509475041369629,1.0,0.9999636937143653,1.0,True
04dba6fe621301a1d01fd63b8d02c9645c48,6,3,False,25.0,25.0,688561.0,688586.0,41795.0,41795.0,103299.104864,52355.610464,32.21123617881041,31.00703912898936,139941.73655899998,95170.593526,31.41128422945851,60.7636244689422,1.9730283717163228,1.0388362476278883,1.47043042786918,0.5169422414147399,1.0,0.9999636937143653,1.0,True
04dba6fe621301a1d01fd63b8d02c9645c48,7,3,False,25.0,25.0,688561.0,688586.0,41795.0,41795.0,165574.283268,52355.610464,32.04344728142076,31.00703912898936,205406.68083199998,95170.593526,18.500557769142436,60.7636244689422,3.162493604803821,1.0334249312912447,2.1582998825775337,0.30446764706405116,1.0,0.9999636937143653,1.0,True
04dba6fe621301a1d01fd63b8d02c9645c48,8,3,False,3.0,25.0,228177.0,688586.0,724.0,41795.0,188649.396659,52355.610464,31.471704529411763,31.00703912898936,189184.415636,95170.593526,1.3383045261086823,60.7636244689422,3.6032317260194366,1.0149858036586272,1.9878452852594222,0.022024764615427492,0.12,0.3313703734900216,0.01732264624955138,False
05c249572509162371b7b82339674db64b5d,3,3,False,21.0,21.0,1403225.0,1403225.0,17870.0,17870.0,1269.670908,1269.670908,31.15956198523985,31.15956198523985,19132.802042,19132.802042,30.50294738260735,30.50294738260735,1.0,1.0,1.0,1.0,1.0,1.0,1.0,True
05c249572509162371b7b82339674db64b5d,4,3,False,21.0,21.0,1403183.0,1403225.0,17870.0,17870.0,1078.0483179999999,1269.670908,33.91080736162361,31.15956198523985,20397.09909,19132.802042,31.70658668573668,30.50294738260735,0.8490769625478415,1.0882953803293838,1.0660800778278392,1.0394597704946913,1.0,0.9999700689483155,1.0,True
05c249572509162371b7b82339674db64b5d,6,3,False,2.0,21.0,65107.0,1403225.0,129.0,17870.0,110397.74135299999,1269.670908,30.412750935529278,31.15956198523985,112446.4708645,19132.802042,0.5736006034548233,30.50294738260735,86.9498865079139,0.9760326846037074,5.877156446696069,0.018804759955160528,0.09523809523809523,0.0463981186196084,0.0072188024622271965,False
05c249572509162371b7b82339674db64b5d,7,3,False,4.0,21.0,198611.0,1403225.0,795.0,17870.0,169818.660438,1269.670908,32.392139416984065,31.15956198523985,175744.536303,19132.802042,1.136935356296075,30.50294738260735,133.75013900688666,1.039556956298939,9.18550957236732,0.03727296716724334,0.19047619047619047,0.14153895490744534,0.04448796866256295,False
05c249572509162371b7b82339674db64b5d,8,3,False,12.0,21.0,815530.0,1403225.0,7946.0,17870.0,219904.64646949997,1269.670908,30.541673580889054,31.15956198523985,237175.45262549998,19132.802042,2.712593179851186,30.50294738260735,173.19814534925138,0.9801701832444407,12.396273797473913,0.08892888761949264,0.5714285714285714,0.5811826328635821,0.4446558477895915,False
05f72f78a037cfa5cd4e4541960a574701d9,3,3,False,22.0,22.0,1312355.0,1312355.0,14082.0,14082.0,887.244737,887.244737,32.052863654561826,32.052863654561826,18582.5993705,18582.5993705,26.68156576601728,26.68156576601728,1.0,1.0,1.0,1.0,1.0,1.0,1.0,True
05f72f78a037cfa5cd4e4541960a574701d9,4,3,False,16.0,22.0,859500.0,1312355.0,9175.0,14082.0,888.137662,887.244737,35.219035021111665,32.052863654561826,16463.2295035,18582.5993705,24.35592397588888,26.68156576601728,1.0010064021377227,1.0987796722524423,0.8859486864703915,0.9128371321787109,0.7272727272727273,0.654929496972999,0.6515409742934243,False
05f72f78a037cfa5cd4e4541960a574701d9,8,3,False,10.0,22.0,468815.0,1312355.0,3211.0,14082.0,210185.4969945,887.244737,30.765823891494126,32.052863654561826,215927.991889,18582.5993705,1.5439945330002038,26.68156576601728,236.8968653510311,0.9598463408156505,11.619902446575216,0.05786746349671494,0.45454545454545453,0.35723184656590634,0.228021587842636,False
063179eb93f4337a662e859c5a2c5638e03f,8,8,False,3.0,3.0,40678.0,40678.0,1250.0,1250.0,240845.988388,240845.988388,33.79507535,33.79507535,246227.829252,246227.829252,4.488065643784186,4.488065643784186,1.0,1.0,1.0,1.0,1.0,1.0,1.0,True
