concurrency,branch_type,branch_taxonomy,profiled_request_count,distinct_root_ids,total_input_tokens,total_output_tokens,median_input_tokens,median_output_tokens,median_ttft_ms,p90_ttft_ms,median_itl_ms,p90_itl_ms,median_e2e_ms,p90_e2e_ms,token_weighted_itl_ms,error_count,cancellation_count
1,auxiliary,h200_replay_conversation_suffix,1,1,1.0,1.0,1.0,1.0,3919.409475,3919.409475,,,3919.409475,3919.409475,,0,0
1,fanout,h200_replay_conversation_suffix,101,2,3413075.0,59928.0,1.0,1.0,1404.139688,2614.2778289999997,30.906682686746986,33.18563126513552,1572.224858,80496.94105699999,30.510030187992033,0,0
1,root,h200_replay_conversation_suffix,98,2,860496.0,17013.0,1.0,1.0,3004.8079989999997,3598.7966883999998,28.851990023349934,30.376146671513542,3125.1728114999996,13245.09850169998,29.113213039728052,0,0
1,subagent_main,h200_replay_conversation_suffix,155,1,7414478.0,50320.0,52834.0,115.0,804.808826,1526.5570267999997,30.19698514736842,32.01089082170103,4466.138527,7298.183760199997,30.36350110563141,0,0
2,auxiliary,h200_replay_conversation_suffix,4,2,668.0,24.0,1.0,1.0,9220.422386999999,51730.70036950002,31.8433113,31.8433113,9220.422386999999,51730.70036950002,31.8433113,0,0
2,fanout,h200_replay_conversation_suffix,179,2,790581.0,6680.0,1.0,1.0,2176.503659,30561.258700200153,29.691714747911206,31.917397606562314,2208.441808,39754.65520140003,30.333942287955697,0,0
2,root,h200_replay_conversation_suffix,164,3,6032860.0,69906.0,1.0,1.0,2801.69135,6028.718251,31.86504210567822,32.589140083767575,3722.2540879999997,61216.78501140005,31.34641762011413,0,0
2,subagent_main,h200_replay_conversation_suffix,48,1,2578983.0,48928.0,47888.5,348.0,914.887533,3951.935599900001,32.37855925822308,34.63970517877763,12627.2075945,91003.92798770004,32.41429863655892,0,0
3,auxiliary,h200_replay_conversation_suffix,18,3,44640.0,32979.0,2967.0,2088.0,63332.271682499995,68985.4932319,29.62512015114155,32.869518625725185,113321.16679399999,149706.3013375,30.20739676089924,0,0
3,fanout,h200_replay_conversation_suffix,190,2,798106.0,6773.0,1.0,1.0,2359.9025425,60984.36429789999,31.081439208588957,33.834098609152626,2386.3354369999997,62877.82568359999,30.30447519079447,0,0
3,root,h200_replay_conversation_suffix,204,6,8502490.0,72776.0,1.0,1.0,2779.3591675,60014.01921590005,31.47851047796116,33.3763983292837,8017.718585999999,78192.62300860004,31.46716527120652,0,0
3,subagent_main,h200_replay_conversation_suffix,43,2,2453570.0,46477.0,54802.0,538.0,4535.919506,51755.076478999996,29.530363649999998,33.50909311643429,38602.933897999996,90583.68842040002,29.65944212025671,0,0
4,auxiliary,h200_replay_conversation_suffix,17,4,45287.0,32998.0,2966.0,2117.0,2002.341232,5704.113601600002,39.18504492279359,39.65098405926969,83237.549893,113657.4361838,39.015977864103576,0,0
4,fanout,h200_replay_conversation_suffix,26,2,3090962.0,56794.0,130568.5,1101.0,2870.894754,19192.973246,34.111349912155944,38.42534217458501,42304.015333999996,201676.552576,33.2223926375599,0,0
4,root,h200_replay_conversation_suffix,209,8,8623463.0,75873.0,1.0,1.0,3446.714776,93621.97370840002,34.170749948392555,38.10612350352062,27821.330815999998,108375.87696,34.18642182705117,0,0
4,subagent_main,h200_replay_conversation_suffix,127,3,6144037.0,77544.0,47896.0,121.0,2985.579917,66478.2635486,32.857123573770494,38.22656573298228,25556.05734,97007.59343000001,34.699201189196174,0,0
5,fanout,h200_replay_conversation_suffix,53,2,232384.0,2878.0,1.0,1.0,10289.256006,216110.98703400002,32.56467923907455,33.22489716534068,10289.256006,216110.98703400002,32.736148679292036,0,0
5,root,h200_replay_conversation_suffix,110,6,3721343.0,53327.0,1.0,1.0,70698.223403,214504.6421805,31.463623415730336,34.999666598944586,83582.2249545,221073.1214088,31.286382758216362,0,0
5,subagent_main,h200_replay_conversation_suffix,87,3,5657124.0,52672.0,70400.0,116.0,68000.063131,168485.3546632,31.928329391666665,35.41058509077064,85465.915375,195429.43176960002,31.67207174911096,0,0
6,auxiliary,h200_replay_conversation_suffix,13,1,38685.0,29844.0,2966.0,2191.0,107031.01964299999,116300.7309312,32.21123617881041,34.551102503503444,180695.22105599998,203701.923549,31.869561861352285,0,0
6,fanout,h200_replay_conversation_suffix,19,1,19.0,19.0,1.0,1.0,200323.81002399998,235637.97547399998,,,200323.81002399998,235637.97547399998,,0,0
6,root,h200_replay_conversation_suffix,89,8,3209380.0,27065.0,1.0,1.0,155290.98012599998,272810.0979564001,31.729106087951806,37.07179962377998,161799.433356,284982.269242,31.71862698565392,0,0
6,subagent_main,h200_replay_conversation_suffix,76,4,3974650.0,55079.0,47415.5,134.0,107613.371074,178714.433719,31.89892621319299,36.33442913805564,127823.4326165,200341.6233945,31.637971523226,0,0
7,auxiliary,h200_replay_conversation_suffix,13,1,38685.0,29844.0,2966.0,2191.0,160826.55698999998,172992.5140896,29.638186681943676,33.978400573232605,217533.559017,266089.1933762,30.782826615098383,0,0
7,fanout,h200_replay_conversation_suffix,29,2,1593435.0,10171.0,93900.0,109.0,243323.83546899998,319762.81553779996,31.275634606725145,32.149580130539555,273443.94127999997,319762.81553779996,31.124458592092292,0,0
7,root,h200_replay_conversation_suffix,65,7,2063811.0,15139.0,1.0,1.0,209387.76997599998,327172.7287074,31.513359288967017,37.44923220145875,215443.67676899998,337849.7709164,31.38142369862014,0,0
7,subagent_main,h200_replay_conversation_suffix,134,5,7008163.0,69164.0,48573.0,183.0,183394.4374385,276045.6639418,31.060666824263873,35.549385302194224,193417.99339,293337.1360448,32.25465684806606,0,0
8,auxiliary,h200_replay_conversation_suffix,1,1,2581.0,21.0,2581.0,21.0,245551.927745,245551.927745,33.79507535,33.79507535,246227.829252,246227.829252,33.79507535,0,0
8,fanout,h200_replay_conversation_suffix,31,3,1734953.0,11554.0,93901.0,144.0,232981.752029,313727.02181899996,30.859661363691117,32.714116207838096,237862.89495299998,319853.437057,30.841873677254192,0,0
8,root,h200_replay_conversation_suffix,78,9,2982778.0,22403.0,236.5,6.0,256453.977474,332094.0130351,30.7186287852349,34.744188023157896,266210.48292800004,338238.5749696,30.805309965554308,0,0
8,subagent_main,h200_replay_conversation_suffix,109,4,5774012.0,50640.0,48444.0,166.0,216214.478833,281980.8043966,30.63947863977095,33.12898478128003,229750.15422599998,305783.18649299996,30.710062304822777,0,0
