scope,concurrency,profiled_request_count,non_null_session_num_count,distinct_session_num,distinct_concurrency_session_num,duplicate_non_null_session_num_row_count,duplicate_concurrency_session_num_row_count,session_num_unique_row_rate,session_num_uniqueness_key,session_num_semantics,interpretation,replay_instance_identity_status,cross_concurrency_cluster_unit,root_trace_id_cluster_count
all_profiled_rows,,2491,2491,455,2491,2036,0,1.0,"(concurrency, session_num)","Unknown: session_num is unique per profiling row within observed concurrencies, but the profile export does not establish it as a replay-instance identifier.","Unknown: session_num is unique per profiling row within observed concurrencies, but the profile export does not establish it as a replay-instance identifier.",unvalidated_session_num_group,root_trace_id,11
per_concurrency,1.0,355,355,355,355,0,0,1.0,"(concurrency, session_num)","Unknown: session_num is unique per profiling row within observed concurrencies, but the profile export does not establish it as a replay-instance identifier.","Unknown: session_num is unique per profiling row within observed concurrencies, but the profile export does not establish it as a replay-instance identifier.",unvalidated_session_num_group,root_trace_id,2
per_concurrency,2.0,395,395,395,395,0,0,1.0,"(concurrency, session_num)","Unknown: session_num is unique per profiling row within observed concurrencies, but the profile export does not establish it as a replay-instance identifier.","Unknown: session_num is unique per profiling row within observed concurrencies, but the profile export does not establish it as a replay-instance identifier.",unvalidated_session_num_group,root_trace_id,4
per_concurrency,3.0,455,455,455,455,0,0,1.0,"(concurrency, session_num)","Unknown: session_num is unique per profiling row within observed concurrencies, but the profile export does not establish it as a replay-instance identifier.","Unknown: session_num is unique per profiling row within observed concurrencies, but the profile export does not establish it as a replay-instance identifier.",unvalidated_session_num_group,root_trace_id,7
per_concurrency,4.0,379,379,379,379,0,0,1.0,"(concurrency, session_num)","Unknown: session_num is unique per profiling row within observed concurrencies, but the profile export does not establish it as a replay-instance identifier.","Unknown: session_num is unique per profiling row within observed concurrencies, but the profile export does not establish it as a replay-instance identifier.",unvalidated_session_num_group,root_trace_id,8
per_concurrency,5.0,250,250,250,250,0,0,1.0,"(concurrency, session_num)","Unknown: session_num is unique per profiling row within observed concurrencies, but the profile export does not establish it as a replay-instance identifier.","Unknown: session_num is unique per profiling row within observed concurrencies, but the profile export does not establish it as a replay-instance identifier.",unvalidated_session_num_group,root_trace_id,7
per_concurrency,6.0,197,197,197,197,0,0,1.0,"(concurrency, session_num)","Unknown: session_num is unique per profiling row within observed concurrencies, but the profile export does not establish it as a replay-instance identifier.","Unknown: session_num is unique per profiling row within observed concurrencies, but the profile export does not establish it as a replay-instance identifier.",unvalidated_session_num_group,root_trace_id,9
per_concurrency,7.0,241,241,241,241,0,0,1.0,"(concurrency, session_num)","Unknown: session_num is unique per profiling row within observed concurrencies, but the profile export does not establish it as a replay-instance identifier.","Unknown: session_num is unique per profiling row within observed concurrencies, but the profile export does not establish it as a replay-instance identifier.",unvalidated_session_num_group,root_trace_id,9
per_concurrency,8.0,219,219,219,219,0,0,1.0,"(concurrency, session_num)","Unknown: session_num is unique per profiling row within observed concurrencies, but the profile export does not establish it as a replay-instance identifier.","Unknown: session_num is unique per profiling row within observed concurrencies, but the profile export does not establish it as a replay-instance identifier.",unvalidated_session_num_group,root_trace_id,11
