root_id,lane_id,session_id,source_total_requests,observed_requests,warmup_requests,profile_requests,first_warmup_source_idx,last_warmup_source_idx,first_profile_source_idx,first_warmup_outer_idx,first_warmup_inner_idx,last_warmup_outer_idx,last_warmup_inner_idx,first_profile_outer_idx,first_profile_inner_idx,first_profile_turn_index,first_warmup_timestamp,last_warmup_timestamp,first_profile_timestamp,warmup_count_eq_10,observed_distinct_source_requests,warmup_are_contiguous,warmup_immediately_precede_first_profile,num_source_requests_between_last_warmup_and_first_profile,source_order_relation,warmup_distinct_turn_index,warmup_distinct_conversation_id,warmup_distinct_subagent_conversation_id,warmup_distinct_source_outer_idx,warmup_distinct_source_outer_inner_idx,warmup_root_conversation_requests,warmup_subagent_requests,first_profile_is_first_source_request,full_source_coverage,dataset_row_idx,root_next_at_t_star,root_turns,live_at_t_star,ready_at_t_star
002001296e8a8c38ad9d7cc436d691afc602,0,67017464-d9af-4509-bdc1-4ba3297c6a94,198,45,11,34,88,98,99,88,,98,,99,,94,2026-08-04T01:16:17.726320Z,2026-08-04T01:26:56.854108Z,2026-08-04T01:32:03.056720Z,false,45,true,true,0,adjacent,11,1,0,11,11,11,0,false,false,0,84,130,1,1
006c98de37d819e95b0840e25426bb7ca99d,1,bbd1c766-e906-4eae-9223-03cd79a0540a,33,29,11,18,4,14,15,4,,14,,15,,15,2026-08-04T01:16:17.647667Z,2026-08-04T01:26:14.906828Z,2026-08-04T01:32:03.056056Z,false,29,true,true,0,adjacent,11,1,0,11,11,11,0,false,false,1,5,33,1,1
00ca01c4aaeccee751ae6285beb54dea262f,2,1fe0dae8-b2bf-426d-b081-62b3155899f3,35,6,6,0,26,31,,26,,31,,,,,2026-08-04T01:16:17.651580Z,2026-08-04T01:24:01.254048Z,,false,6,true,false,,,6,1,0,6,6,6,0,false,false,2,24,29,1,1
0196085d85d2075a50b74cd8795ffbdcea9a,3,621ca950-fa44-4483-9f92-a6c12e4615cd,233,58,11,47,87,97,98,87,,97,,98,,92,2026-08-04T01:16:17.674600Z,2026-08-04T01:26:57.029103Z,2026-08-04T01:32:03.058527Z,false,58,true,true,0,adjacent,11,1,0,11,11,11,0,false,false,3,82,191,1,1
02bc0afb13f7a2d9efa86c28511261d85c0e,4,94cf43e4-07f9-488b-ac14-2215dcf48c5b,466,8,8,0,254,261,,254,,261,,,,,2026-08-04T01:20:00.474379Z,2026-08-04T01:26:07.859318Z,,false,8,true,false,,,8,1,1,8,8,0,8,false,false,4,0,13,1,1
03e110ac6921c2fe9ac7772a9654314a2beb,5,75582e3a-5d93-45dc-97fd-8805d883b509,107,63,11,52,23,33,34,23,,33,,34,,29,2026-08-04T01:16:17.648925Z,2026-08-04T01:26:45.283206Z,2026-08-04T01:32:03.056712Z,false,63,true,true,0,adjacent,11,1,0,11,11,11,0,false,false,5,19,40,1,1
0470d446a4514dfe0c6ad0be92853bd13287,6,256fd0bb-97d3-4cf7-8f16-229be40497f7,795,187,11,176,400,619.1,402,400,,619,1,402,,0,2026-08-04T01:16:17.680901Z,2026-08-04T01:20:04.685332Z,2026-08-04T01:32:03.056468Z,false,187,false,false,-350,source_order_overlap,4,8,8,9,11,0,11,false,false,6,0,54,13,13
04dba6fe621301a1d01fd63b8d02c9645c48,7,2c94687b-cd2b-4e81-a0a6-5a7b7f8689f7,25,5,5,0,2,7,,2,,7,,,,,2026-08-04T01:16:17.646745Z,2026-08-04T01:23:31.514957Z,,false,5,false,false,,,5,1,0,5,5,5,0,false,false,7,3,7,1,1
05c249572509162371b7b82339674db64b5d,8,8c5ae8be-169a-4f36-9998-af49cd417a92,36,3,3,0,33,35,,33,,35,,,,,2026-08-04T01:16:17.650391Z,2026-08-04T01:20:05.964134Z,,false,3,true,false,,,3,1,0,3,3,3,0,false,false,8,32,34,1,1
05f72f78a037cfa5cd4e4541960a574701d9,9,82e926ce-7f97-4238-9d99-4c50c19a0df2,52,4,4,0,48,51,,48,,51,,,,,2026-08-04T01:16:17.653510Z,2026-08-04T01:22:27.926558Z,,false,4,true,false,,,4,1,0,4,4,4,0,false,false,9,49,52,1,1
063179eb93f4337a662e859c5a2c5638e03f,10,863e4f93-44c4-4a99-85ce-a8dae5210df2,73,23,11,12,16,26,27,16,,26,,27,,24,2026-08-04T01:16:17.646849Z,2026-08-04T01:26:56.856767Z,2026-08-04T01:32:03.057371Z,false,23,true,true,0,adjacent,11,1,1,11,11,0,11,false,false,10,0,1,1,1
069d7bf5f1efb4e76e3c84510367e6af78a5,11,7063bc38-c91b-4971-b303-dcfd0737bade,352,11,11,0,217,227,,217,,227,,,,,2026-08-04T01:16:17.689564Z,2026-08-04T01:26:43.893506Z,,false,11,true,false,,,11,2,1,11,11,10,1,false,false,11,210,219,1,1
077ea9e6554f45bbad9c24a8462bae9a8512,12,2373ad13-84d0-4fbf-ac6e-b39ec49b21c0,35,10,10,0,25,34,,25,,34,,,,,2026-08-04T01:16:17.647284Z,2026-08-04T01:26:51.393638Z,,true,10,true,false,,,10,1,0,10,10,10,0,false,false,12,25,34,1,1
07dd40536557a1d6440a923557c3129dc929,13,48556e06-1560-4ca7-9268-3dfc379b53e9,119,26,13,13,7,9.49,9.50,7,,9,49,9,50,50,2026-08-04T01:16:17.646246Z,2026-08-04T01:25:22.944987Z,2026-08-04T01:27:46.969083Z,false,26,false,false,0,adjacent,13,3,2,3,13,1,12,false,false,13,8,9,3,2
085411a4cc4b15108dd9b50007261a2efb65,14,4630af8a-9c7c-4faf-a44c-9b1f504ab242,102,97,11,86,5,9.2,10.2,5,,9,2,10,2,2,2026-08-04T01:16:17.649100Z,2026-08-04T01:23:02.033492Z,2026-08-04T01:32:03.057006Z,false,97,false,false,-7,source_order_overlap,5,5,4,6,11,2,9,false,false,14,6,19,2,2
085aacf44ac5428ad3c6b4f6cd431e083832,15,ae685399-ecac-4cfe-8d89-36dbd306301d,1778,71,11,60,375,385,386,375,,385,,386,,6,2026-08-04T01:16:17.719043Z,2026-08-04T01:26:28.589082Z,2026-08-04T01:32:03.066655Z,false,71,true,true,0,adjacent,10,3,2,11,11,4,7,false,false,15,349,352,1,1
0a279af1bec84c6ab033bb03f5d8bfd6b08d,16,0a76c5ba-0a11-43b9-b4ea-1ce866375bbe,150,95,11,84,19,29,30,19,,29,,30,,30,2026-08-04T01:16:17.653961Z,2026-08-04T01:26:57.660628Z,2026-08-04T01:32:03.056804Z,false,95,true,true,0,adjacent,11,1,0,11,11,11,0,false,false,16,20,33,1,1
0a688303b1ae62a97607af8021f2130c2caf,17,673a798a-4141-4a41-a1f9-8fa912fcb7fb,31,11,11,0,20,30,,20,,30,,,,,2026-08-04T01:16:17.646787Z,2026-08-04T01:26:56.155720Z,,false,11,true,false,,,11,1,0,11,11,11,0,false,false,17,21,31,1,1
0b7f3ca692f15ae2651a310d9411d70794aa,18,8161929f-63dc-4743-9f8e-4159f04df00a,172,11,11,0,161,171,,161,,171,,,,,2026-08-04T01:16:17.727405Z,2026-08-04T01:26:59.642463Z,,false,11,true,false,,,11,1,1,11,11,0,11,false,false,18,0,138,1,1
0bc9c4f798d321286bf39f2543c0c4e4c059,19,5852826d-1819-426d-b610-678c8fba29ad,102,11,11,0,10,20,,10,,20,,,,,2026-08-04T01:16:17.649029Z,2026-08-04T01:26:44.759670Z,,false,11,true,false,,,11,2,1,11,11,10,1,false,false,19,7,16,1,1
0bcd99353218b9a386b1c4aec13d77abecdb,20,dbc05d7e-0c70-4922-9f24-ded5d6539c40,35,6,6,0,21,26,,21,,26,,,,,2026-08-04T01:16:17.650902Z,2026-08-04T01:24:01.537247Z,,false,6,true,false,,,6,1,0,6,6,6,0,false,false,20,19,24,1,1
0bed163ac9566086e14ffd85c7481096d49d,21,dc21d643-93c3-455a-b0eb-d2807ffb8901,53,23,11,12,30,40,41,30,,40,,41,,34,2026-08-04T01:16:17.648633Z,2026-08-04T01:26:13.258765Z,2026-08-04T01:32:03.057465Z,false,23,true,true,0,adjacent,11,2,1,11,11,10,1,false,false,21,25,46,1,1
0d41be2aa98333f3662682210647e5971c7b,22,656b38f6-4879-444a-a93e-8d2f3cfe4769,33,28,11,17,5,15,16,5,,15,,16,,16,2026-08-04T01:16:17.651917Z,2026-08-04T01:26:56.155736Z,2026-08-04T01:32:03.062387Z,false,28,true,true,0,adjacent,11,1,0,11,11,11,0,false,false,22,6,32,1,1
0d8a816e4819b765d81ff748da94d463f3b2,23,b385a461-c646-46ec-8fd0-ae91b32fd86e,28,13,11,2,15,25,26,15,,25,,26,,26,2026-08-04T01:16:17.650863Z,2026-08-04T01:26:56.852865Z,2026-08-04T01:32:03.057866Z,false,13,true,true,0,adjacent,11,1,0,11,11,11,0,false,false,23,16,28,1,1
0db32e2f852a2ea24ed616b31975a84da5e4,24,cae80809-bf64-495c-b5a5-3b80b45d1fbd,60,50,11,39,3,20,21,3,,20,,21,,14,2026-08-04T01:16:17.649030Z,2026-08-04T01:26:56.853125Z,2026-08-04T01:32:03.057372Z,false,50,false,false,0,adjacent,11,1,0,11,11,11,0,false,false,24,4,53,1,1
0dedb07b5e4362b028db9d8ab90fff7fd4ad,25,2a898ead-d919-44e1-a820-a48687230fb4,44,2,2,0,42,43,,42,,43,,,,,2026-08-04T01:16:17.650775Z,2026-08-04T01:20:00.468733Z,,false,2,true,false,,,2,1,0,2,2,2,0,false,false,25,42,43,1,1
0e4206535a79f980e2b1091181202ea987fe,26,868d7ba9-4bc8-4721-8c47-8b0e5957ae17,27,19,11,8,8,18,19,8,,18,,19,,18,2026-08-04T01:16:17.650136Z,2026-08-04T01:26:49.129611Z,2026-08-04T01:29:34.760344Z,false,19,true,true,0,adjacent,11,2,1,11,11,10,1,false,false,26,9,26,1,1
0ede42538334da8586bc60008762abfc0ab7,27,b1394c3d-0119-4e64-b6e7-ecf0f4f983ec,163,103,11,92,6,16,17,6,,16,,17,,14,2026-08-04T01:16:17.647667Z,2026-08-04T01:26:45.559631Z,2026-08-04T01:32:03.057871Z,false,103,true,true,0,adjacent,11,1,0,11,11,11,0,false,false,27,4,19,1,1
0f909e7d63c0d5e1f060d727ada25d910d89,28,63f5cc97-5018-4edc-929b-9d6c174d488a,49,18,11,7,31,41,42,31,,41,,42,,40,2026-08-04T01:16:17.648643Z,2026-08-04T01:26:59.642967Z,2026-08-04T01:32:03.059675Z,false,18,true,true,0,adjacent,11,1,1,11,11,0,11,false,false,28,0,2,1,1
1007f04d2c64580308858bb42f292992929d,29,fc6708aa-3ec7-497d-a4f2-9bd9d14de193,133,19,11,8,67,77,78,67,,77,,78,,76,2026-08-04T01:16:25.728040Z,2026-08-04T01:26:51.075873Z,2026-08-04T01:32:03.057159Z,false,19,true,true,0,adjacent,11,1,0,11,11,11,0,false,false,29,66,84,1,1
11310dce936f02050cadaeae295bcdd1ce7f,30,aa90120e-b299-4c94-9d28-77867237b6ae,1098,68,11,57,264,274,275,264,,274,,275,,271,2026-08-04T01:16:17.802705Z,2026-08-04T01:26:59.644365Z,2026-08-04T01:32:03.061334Z,false,68,true,true,0,adjacent,11,1,0,11,11,11,0,false,false,30,261,765,1,1
117ebe75819d050f308a0a81647893abd02d,31,73799443-e2fe-409c-84d9-b5d5a7cdc54d,282,236,12,224,30,36.1,31.5,30,,36,1,31,5,5,2026-08-04T01:16:17.651779Z,2026-08-04T01:20:11.083857Z,2026-08-04T01:27:20.097948Z,false,236,false,false,-32,source_order_overlap,6,7,6,7,12,1,11,false,false,31,23,51,7,6
12bd4c7c82ae413b035253cb800fc5312111,32,01e05c9a-ce78-4f2c-85c1-a544ecafcf4f,40,30,14,16,2,8,6.12,2,,8,,6,12,12,2026-08-04T01:16:17.649339Z,2026-08-04T01:24:01.253891Z,2026-08-04T01:27:24.600724Z,false,30,false,false,-15,source_order_overlap,11,4,3,5,14,1,13,false,false,32,3,5,4,3
12cfecf98c158ab54fb65980602421f00d69,33,c8d68b51-d732-460e-a260-2dbcb2a0ebe8,20,2,2,0,18,19,,18,,19,,,,,2026-08-04T01:16:17.649992Z,2026-08-04T01:20:00.470198Z,,false,2,true,false,,,2,1,0,2,2,2,0,false,false,33,19,20,1,1
12e6fd87f4d3d1f93f96bd7bb6a520043805,34,8da0b420-7815-4485-a456-a374de71596a,94,40,11,29,54,64,65,54,,64,,65,,64,2026-08-04T01:16:17.689904Z,2026-08-04T01:26:59.642448Z,2026-08-04T01:32:03.061344Z,false,40,true,true,0,adjacent,11,1,0,11,11,11,0,false,false,34,54,93,1,1
13b532ee3aaa0a52b05c3bcc472355ab62b4,35,1295e9a7-3a2a-4d6d-be67-f922761e6f38,167,40,11,29,97,107,108,97,,107,,108,,27,2026-08-04T01:16:17.665413Z,2026-08-04T01:26:59.653554Z,2026-08-04T01:32:03.058273Z,false,40,true,true,0,adjacent,11,1,1,11,11,0,11,false,false,35,0,80,2,2
13e0b7038bafff59abfdc31aad12dbcd4a2f,36,42642091-0d51-4282-9ba6-f4f3b6d5b0a9,241,84,11,73,35,41.2,40.3,35,,41,2,40,3,3,2026-08-04T01:16:17.731200Z,2026-08-04T01:24:32.547850Z,2026-08-04T01:32:03.058708Z,false,84,false,false,-2,source_order_overlap,8,3,2,7,11,5,6,false,false,36,36,172,1,1
14129d470e508b236be22188aa78548ef805,37,ee9bb5df-1a33-4606-b820-850521f136b9,27,14,11,3,13,23,24,13,,23,,24,,24,2026-08-04T01:16:17.649385Z,2026-08-04T01:26:53.365964Z,2026-08-04T01:29:56.383159Z,false,14,true,true,0,adjacent,11,1,0,11,11,11,0,false,false,37,14,27,1,1
1493faffdc8942e99daa22277f44871a40b8,38,c1e0069f-a466-48bc-a2f6-3b300fda6e78,78,8,8,0,70,77,,70,,77,,,,,2026-08-04T01:16:17.721884Z,2026-08-04T01:25:22.401111Z,,false,8,true,false,,,8,1,0,8,8,8,0,false,false,38,69,76,1,1
1499c406c828e8fe6b6af697e7799c6a715b,39,fa1215bd-500e-44e8-9db3-cb809a797610,140,48,10,38,17,26,27,17,,26,,27,,10,2026-08-04T01:20:00.471591Z,2026-08-04T01:26:57.662569Z,2026-08-04T01:32:03.059595Z,true,48,true,true,0,adjacent,10,1,1,10,10,0,10,false,false,39,0,11,1,1
