recycle_class,root_id,lane_id,session_id,source_total_requests,observed_requests,warmup_requests,profile_requests,first_warmup_source_idx,last_warmup_source_idx,first_profile_source_idx,first_warmup_outer_idx,first_warmup_inner_idx,last_warmup_outer_idx,last_warmup_inner_idx,first_profile_outer_idx,first_profile_inner_idx,first_profile_turn_index,first_warmup_timestamp,last_warmup_timestamp,first_profile_timestamp,warmup_count_eq_10,observed_distinct_source_requests,warmup_are_contiguous,warmup_immediately_precede_first_profile,num_source_requests_between_last_warmup_and_first_profile,source_order_relation,warmup_distinct_turn_index,warmup_distinct_conversation_id,warmup_distinct_subagent_conversation_id,warmup_distinct_source_outer_idx,warmup_distinct_source_outer_inner_idx,warmup_root_conversation_requests,warmup_subagent_requests,first_profile_is_first_source_request,full_source_coverage,dataset_row_idx,root_next_at_t_star,root_turns,live_at_t_star,ready_at_t_star
recycled_during_warmup,15ab8fdb8831965bb01e45ac51829cb4e3e3,,02fb544e-e505-4bee-a4da-6b836e3379ca,140,116,9,107,0,8,9,0,,8,,9,,9,2026-08-04T01:20:07.010263Z,2026-08-04T01:26:45.559859Z,2026-08-04T01:27:43.844110Z,false,116,true,true,0,adjacent,9,1,0,9,9,9,0,false,false,40,,,,
recycled_during_warmup,162d6f4f741a1cf3ce98acb5e3718c3bc0c7,,23172cc6-c5e8-44f1-ac88-9ef541e98949,675,132,9,123,0,8,9,0,,8,,9,,8,2026-08-04T01:20:08.469826Z,2026-08-04T01:26:18.814637Z,2026-08-04T01:32:03.058083Z,false,132,true,true,0,adjacent,8,2,1,9,9,8,1,false,false,41,,,,
recycled_during_warmup,16b968359e79eda8a61415fa7ad536f6cda5,,d140ea4d-f6f9-423d-ba91-562d2014dfc8,615,176,8,168,0,7,8,0,,7,,8,,8,2026-08-04T01:21:58.392027Z,2026-08-04T01:26:45.778972Z,2026-08-04T01:28:09.534348Z,false,176,true,true,0,adjacent,8,1,0,8,8,8,0,false,false,42,,,,
recycled_during_warmup,16c18d979235980e8021cfb0a0b3b386305a,,5d392ca4-ee63-47dd-b941-f4c2e7f4baf9,269,245,7,238,0,6.0,4.1,0,,6,0,4,1,1,2026-08-04T01:23:55.302074Z,2026-08-04T01:24:33.285226Z,2026-08-04T01:29:13.471619Z,false,245,false,false,-7,source_order_overlap,4,4,3,7,7,4,3,false,false,43,,,,
recycled_during_warmup,16e46bc4d9e121ffbd67ada51cb3f965342f,,193810b5-2b91-4440-88a9-cab560599bb2,427,155,6,149,0,5,6,0,,5,,6,,6,2026-08-04T01:24:01.256822Z,2026-08-04T01:26:42.111848Z,2026-08-04T01:28:25.010128Z,false,155,true,true,0,adjacent,6,1,0,6,6,6,0,false,false,44,,,,
recycled_during_warmup,17808bf55e26681520f3f11f47b5e1260108,,93bb92a5-5b93-4eb3-b7a3-844e7db8d96a,27,27,5,22,0,4,5,0,,4,,5,,5,2026-08-04T01:24:07.703973Z,2026-08-04T01:26:43.051453Z,2026-08-04T01:27:39.256044Z,false,27,true,true,0,adjacent,5,1,0,5,5,5,0,false,true,45,,,,
recycled_during_warmup,18bf3ef42c109a28326d8384f1bcc8dfae37,,5e9b4ada-7a52-43ac-93a0-7a5c290a56a9,55,55,5,50,0,4,5,0,,4,,5,,1,2026-08-04T01:24:08.147890Z,2026-08-04T01:25:45.631278Z,2026-08-04T01:30:04.519711Z,false,55,true,true,0,adjacent,2,3,2,5,5,2,3,false,true,46,,,,
recycled_during_warmup,1a271af3dedd40be2efd413ef35fe7f0f53b,,b8f63bd8-2b96-4147-a100-6ef84ecd4125,176,71,3,68,0,2,3,0,,2,,3,,3,2026-08-04T01:26:09.318285Z,2026-08-04T01:26:58.252896Z,2026-08-04T01:27:51.510896Z,false,71,true,true,0,adjacent,3,1,0,3,3,3,0,false,false,47,,,,
recycled_during_warmup,1b5229e3aa8893ca2f4d07d248f9cd9752fb,,0354af97-a14c-40f4-ad7b-5f4efd2cc17f,27,27,2,25,0,1,2,0,,1,,2,,2,2026-08-04T01:26:45.285378Z,2026-08-04T01:26:57.660693Z,2026-08-04T01:27:11.250436Z,false,27,true,true,0,adjacent,2,1,0,2,2,2,0,false,true,48,,,,
profiling_only_recycled_or_handoff_deferred,1b577bfa02cd2c421c0b59c5cac702b3c287,,1f91ff9b-79c1-4b33-ba0a-0a6823520aa2,162,162,0,162,,,0,,,,,0,,0,,,2026-08-04T01:27:03.058316Z,false,162,false,false,,,0,0,0,0,0,0,0,true,true,49,,,,
profiling_only_recycled_or_handoff_deferred,1b57efe98ed202c35114d97e01ec25e8420b,,3a751303-1c22-4712-abb0-a766bda67a33,21,21,0,21,,,0,,,,,0,,0,,,2026-08-04T01:27:03.056656Z,false,21,false,false,,,0,0,0,0,0,0,0,true,true,50,,,,
recycled_during_warmup,1c4f3018d336b1bf78434d328001bc7bbe49,,d6626076-f9d6-4b39-9663-f9fe805d9304,72,59,1,58,0,0,1,0,,0,,1,,1,2026-08-04T01:26:58.891681Z,2026-08-04T01:26:58.891681Z,2026-08-04T01:27:03.173157Z,false,59,true,true,0,adjacent,1,1,0,1,1,1,0,false,false,51,,,,
profiling_only_recycled_or_handoff_deferred,1cdb6c60ce49f7b74ab6cf59051bab7591e6,,a92d018d-9955-4055-83e0-06649053c55a,31,31,0,31,,,0,,,,,0,,0,,,2026-08-04T01:27:03.056914Z,false,31,false,false,,,0,0,0,0,0,0,0,true,true,52,,,,
profiling_only_recycled_or_handoff_deferred,1d8a2c1d4dc1f585337036c6ad60e1ce5eb3,,9dc64d29-82f1-4548-9faa-4724b45b5057,342,208,0,208,,,0,,,,,0,,0,,,2026-08-04T01:27:03.096131Z,false,208,false,false,,,0,0,0,0,0,0,0,true,false,53,,,,
profiling_only_recycled_or_handoff_deferred,1f5f21559e4b79c6d2480796c7218206047f,,fe0965cf-1422-4218-bebe-22303600ba1b,119,66,0,66,,,0,,,,,0,,0,,,2026-08-04T01:29:39.219955Z,false,66,false,false,,,0,0,0,0,0,0,0,true,false,54,,,,
profiling_only_recycled_or_handoff_deferred,1fc68c514c7fb89dbc498ae9da77d5476cec,,2f5f8ad2-eb48-461d-8512-83adf4f850bd,849,101,0,101,,,0,,,,,0,,0,,,2026-08-04T01:30:34.932540Z,false,101,false,false,,,0,0,0,0,0,0,0,true,false,55,,,,
profiling_only_recycled_or_handoff_deferred,203147a7ad6c355f99290d8ac7811e6de5be,,333de5ba-3e1f-43d6-84d8-8eefaa278ed3,34,34,0,34,,,0,,,,,0,,0,,,2026-08-04T01:31:04.536314Z,false,34,false,false,,,0,0,0,0,0,0,0,true,true,56,,,,
profiling_only_recycled_or_handoff_deferred,208d6e28928b0b3d3b33db3c690173d15be3,,82debdb5-1850-4c60-ae91-495a148e5fb5,844,55,0,55,,,0,,,,,0,,0,,,2026-08-04T01:31:12.437388Z,false,55,false,false,,,0,0,0,0,0,0,0,true,false,57,,,,
profiling_only_recycled_or_handoff_deferred,20c87b0b00ac5895cc4528c971b71cce3960,,154abe95-0bbe-4d97-8c10-da050e5c71e4,68,68,0,68,,,0,,,,,0,,0,,,2026-08-04T01:33:33.842531Z,false,68,false,false,,,0,0,0,0,0,0,0,true,true,58,,,,
profiling_only_recycled_or_handoff_deferred,212e46e294bd09113e425ebc8a430cc528a6,,5a6c8393-385c-447a-baaf-51ededed9ed5,910,221,0,221,,,0,,,,,0,,0,,,2026-08-04T01:33:50.662164Z,false,221,false,false,,,0,0,0,0,0,0,0,true,false,59,,,,
profiling_only_recycled_or_handoff_deferred,21cde366f5bd2f0ff2031b0538496c7e2a05,,a0fa8a7e-e760-4f38-935e-b8a374ca8368,738,155,0,155,,,0,,,,,0,,0,,,2026-08-04T01:33:54.199936Z,false,155,false,false,,,0,0,0,0,0,0,0,true,false,60,,,,
profiling_only_recycled_or_handoff_deferred,22a380be2e4f6293f24e32fd637ccc876d73,,1334b974-d441-439b-8c75-9e71df66f6e8,90,90,0,90,,,0,,,,,0,,0,,,2026-08-04T01:34:42.709525Z,false,90,false,false,,,0,0,0,0,0,0,0,true,true,61,,,,
profiling_only_recycled_or_handoff_deferred,23074f92872cd4f8212d04cd87e71a2ced7b,,ee5d26a9-9cfb-4611-a032-8c9119fa3e89,22,22,0,22,,,0,,,,,0,,0,,,2026-08-04T01:35:25.171685Z,false,22,false,false,,,0,0,0,0,0,0,0,true,true,62,,,,
profiling_only_recycled_or_handoff_deferred,23a576b18cd4bacef3d1aa138b060b9407ce,,0b70d0e0-60e9-40a5-bbd9-90dc51c12706,67,23,0,23,,,0,,,,,0,,0,,,2026-08-04T01:38:13.148755Z,false,23,false,false,,,0,0,0,0,0,0,0,true,false,63,,,,
profiling_only_recycled_or_handoff_deferred,240cd2e1b10e5b738ac6fee166b2aca7eff2,,23ff3730-3edd-4a31-a5cb-cee8b57582ca,20,20,0,20,,,0,,,,,0,,0,,,2026-08-04T01:38:51.863831Z,false,20,false,false,,,0,0,0,0,0,0,0,true,true,64,,,,
profiling_only_recycled_or_handoff_deferred,24f457bf9e42d6ffb1cc4bbd279c650bb8b6,,963e449c-9ea8-4a99-bfb1-5e82cb9b3f61,29,29,0,29,,,0,,,,,0,,0,,,2026-08-04T01:39:30.026456Z,false,29,false,false,,,0,0,0,0,0,0,0,true,true,65,,,,
profiling_only_recycled_or_handoff_deferred,259d1cc35e11b72660b8d6a33867cbb93759,,fc05dd47-74fc-47bc-8ec8-1d5b0589f3c8,34,34,0,34,,,0,,,,,0,,0,,,2026-08-04T01:41:30.581527Z,false,34,false,false,,,0,0,0,0,0,0,0,true,true,66,,,,
profiling_only_recycled_or_handoff_deferred,2617aab5bca86e337183bf3bfed8812d1acf,,c8dc3e9a-1552-484e-a5ea-13a0305488e1,47,44,0,44,,,0,,,,,0,,0,,,2026-08-04T01:42:48.612911Z,false,44,false,false,,,0,0,0,0,0,0,0,true,false,67,,,,
profiling_only_recycled_or_handoff_deferred,264478eebbb2068593da2293ea8b67b31d4e,,e273350e-4fdf-4f3c-a99f-108f68f75ea0,282,197,0,197,,,0,,,,,0,,0,,,2026-08-04T01:44:40.498322Z,false,197,false,false,,,0,0,0,0,0,0,0,true,false,68,,,,
profiling_only_recycled_or_handoff_deferred,2654d8b687d9c22001c25155ff2a69840acc,,080629c7-08cb-4d3c-80ee-a2cce33af7e1,616,165,0,165,,,0,,,,,0,,0,,,2026-08-04T01:45:34.149925Z,false,165,false,false,,,0,0,0,0,0,0,0,true,false,69,,,,
profiling_only_recycled_or_handoff_deferred,279424d0e53192cde462be8d39c23b52b977,,94eaf8af-7376-4328-97da-e941e5cf76d3,287,104,0,104,,,0,,,,,0,,0,,,2026-08-04T01:47:23.173425Z,false,104,false,false,,,0,0,0,0,0,0,0,true,false,70,,,,
profiling_only_recycled_or_handoff_deferred,27de9ca964aa7905c2f5438db8bdd72d8b02,,3849cd9f-4eca-40ce-8b50-5cdc11d5d13d,563,98,0,98,,,0,,,,,0,,0,,,2026-08-04T01:47:40.459617Z,false,98,false,false,,,0,0,0,0,0,0,0,true,false,71,,,,
profiling_only_recycled_or_handoff_deferred,2954a6a9181ba856596885f176e08404f2d6,,f58b15d8-74a0-49d5-b3f8-a0669462c3f5,31,31,0,31,,,0,,,,,0,,0,,,2026-08-04T01:47:50.032506Z,false,31,false,false,,,0,0,0,0,0,0,0,true,true,72,,,,
profiling_only_recycled_or_handoff_deferred,2a2da059b7425d9dc1f999fca1177bc1cdb9,,2b5b81ad-8add-4041-8571-62d6a6c9bd7f,30,30,0,30,,,0,,,,,0,,0,,,2026-08-04T01:49:02.077017Z,false,30,false,false,,,0,0,0,0,0,0,0,true,true,73,,,,
profiling_only_recycled_or_handoff_deferred,2a4f3506ac5efa421d361390686f34c038e7,,872b1c45-f96e-4557-9554-04493136519d,49,49,0,49,,,0,,,,,0,,0,,,2026-08-04T01:50:13.643303Z,false,49,false,false,,,0,0,0,0,0,0,0,true,true,74,,,,
profiling_only_recycled_or_handoff_deferred,2af7f718cc9974b522a7e4864aac085e5288,,ce4f2183-058e-41e5-86c9-7011047bfde9,57,37,0,37,,,0,,,,,0,,0,,,2026-08-04T01:53:14.084681Z,false,37,false,false,,,0,0,0,0,0,0,0,true,false,75,,,,
profiling_only_recycled_or_handoff_deferred,2b7f327fac593e81c0cf38cedd90b744b753,,dba6ca47-7192-4e6c-84da-4e1daf021ac8,31,31,0,31,,,0,,,,,0,,0,,,2026-08-04T01:54:30.117876Z,false,31,false,false,,,0,0,0,0,0,0,0,true,true,76,,,,
profiling_only_recycled_or_handoff_deferred,2d5f050bf77e34d6650e4af92c61bb82a1c9,,03f39977-6fd8-4ed0-89b8-fd75bb8aec77,35,35,0,35,,,0,,,,,0,,0,,,2026-08-04T01:57:11.203096Z,false,35,false,false,,,0,0,0,0,0,0,0,true,true,77,,,,
profiling_only_recycled_or_handoff_deferred,30aa41167f1a7700bef4c286e83a9f517abb,,50400304-b4e0-43c1-819a-27b60c6296ae,114,74,0,74,,,0,,,,,0,,0,,,2026-08-04T01:58:36.801006Z,false,74,false,false,,,0,0,0,0,0,0,0,true,false,78,,,,
profiling_only_recycled_or_handoff_deferred,3107040f1d498b9c8b61bd74f2da2a514e37,,074bc77e-ce51-48b7-86a6-df5c5683d612,55,55,0,55,,,0,,,,,0,,0,,,2026-08-04T01:59:14.060563Z,false,55,false,false,,,0,0,0,0,0,0,0,true,true,79,,,,
profiling_only_recycled_or_handoff_deferred,31dd54e63bd3605ad9ab96003ab1ae8f39f3,,116398e8-667b-45e0-9953-671c21800bc5,436,34,0,34,,,0,,,,,0,,0,,,2026-08-04T02:00:23.435481Z,false,34,false,false,,,0,0,0,0,0,0,0,true,false,80,,,,
profiling_only_recycled_or_handoff_deferred,3317a925c2a7f40e9eafe5f5532793a23c67,,de15003c-e405-4fc2-86b8-149417db7d51,76,29,0,29,,,0,,,,,0,,0,,,2026-08-04T02:00:50.720854Z,false,29,false,false,,,0,0,0,0,0,0,0,true,false,81,,,,
profiling_only_recycled_or_handoff_deferred,33c12a75f9b49c1983a8d4d1dacb21ff90fe,,31f78843-c11f-4a06-8a3b-aaf39a981189,87,81,0,81,,,0,,,,,0,,0,,,2026-08-04T02:01:14.751122Z,false,81,false,false,,,0,0,0,0,0,0,0,true,false,82,,,,
profiling_only_recycled_or_handoff_deferred,3531533f1f293048fc9691b112feafc44e62,,c991925e-5bec-47c6-8b2a-fb0742cd6841,22,22,0,22,,,0,,,,,0,,0,,,2026-08-04T02:04:35.540619Z,false,22,false,false,,,0,0,0,0,0,0,0,true,true,83,,,,
profiling_only_recycled_or_handoff_deferred,35de830dbe1dbe90e6eaa36bc4814c7410ec,,7fc0b220-273a-4d49-af8b-47f3c6cefac7,60,60,0,60,,,0,,,,,0,,0,,,2026-08-04T02:06:41.990991Z,false,60,false,false,,,0,0,0,0,0,0,0,true,true,84,,,,
profiling_only_recycled_or_handoff_deferred,3735de09df4f9ac454aee913e2a00633ad0d,,0d8c6505-8c08-45cb-90ec-d45bcda40da9,27,23,0,23,,,0,,,,,0,,0,,,2026-08-04T02:08:07.639845Z,false,23,false,false,,,0,0,0,0,0,0,0,true,false,85,,,,
profiling_only_recycled_or_handoff_deferred,37c8d244d81e01d3b70c9f7fe619d9392a24,,4bb2c5b8-19ed-4282-8edc-f3648bf3b512,34,17,0,17,,,0,,,,,0,,0,,,2026-08-04T02:10:12.631700Z,false,17,false,false,,,0,0,0,0,0,0,0,true,false,86,,,,
profiling_only_recycled_or_handoff_deferred,38f9148d19708a1c29ed7c8505f1b82083aa,,d7382be1-925d-4b0c-96bd-acd0f43cefcd,381,64,0,64,,,0,,,,,0,,0,,,2026-08-04T02:15:23.498825Z,false,64,false,false,,,0,0,0,0,0,0,0,true,false,87,,,,
profiling_only_recycled_or_handoff_deferred,3a066e6ad705e8792dec8c84610bbee401cb,,0c785a1c-7ca5-4cac-bb2b-c1016c325134,43,13,0,13,,,0,,,,,0,,0,,,2026-08-04T02:17:22.530489Z,false,13,false,false,,,0,0,0,0,0,0,0,true,false,88,,,,
profiling_only_recycled_or_handoff_deferred,3a67ec0b534b4e3e386c7e018b4b99ef06c2,,9b650c16-bfb3-4553-863c-729f7f277b05,34,30,0,30,,,0,,,,,0,,0,,,2026-08-04T02:17:51.995933Z,false,30,false,false,,,0,0,0,0,0,0,0,true,false,89,,,,
profiling_only_recycled_or_handoff_deferred,3b1ee678c29a1a23e4a74d67354731cc27f3,,11d4040d-6b7b-4ea0-9d57-9f8fbd6f549a,92,27,0,27,,,0,,,,,0,,0,,,2026-08-04T02:21:19.492437Z,false,27,false,false,,,0,0,0,0,0,0,0,true,false,90,,,,
profiling_only_recycled_or_handoff_deferred,3c1fbf5cf98484c7f9ef07f2d4b00e65d829,,b9a99bc1-d4ea-4b10-8427-908643c6cb9f,34,28,0,28,,,0,,,,,0,,0,,,2026-08-04T02:22:25.920813Z,false,28,false,false,,,0,0,0,0,0,0,0,true,false,91,,,,
profiling_only_recycled_or_handoff_deferred,3c49da29dedf8ccfa4ee310634b4b8af275a,,b7732ef4-3b65-48f2-900c-984c6db5ff8f,101,6,0,6,,,0,,,,,0,,0,,,2026-08-04T02:25:21.891277Z,false,6,false,false,,,0,0,0,0,0,0,0,true,false,92,,,,
profiling_only_recycled_or_handoff_deferred,3cb1c6dc71a21714587287306ebe52748568,,60a58200-9710-4258-90ad-5ce2b16bbe36,721,5,0,5,,,0,,,,,0,,0,,,2026-08-04T02:26:22.380213Z,false,5,false,false,,,0,0,0,0,0,0,0,true,false,93,,,,
