worker_id,component,common_phase_second_bins,dynamo_metric,sglang_metric,spearman_rho,pearson_r,best_lag_seconds,best_lag_pearson_r,dynamo_max,dynamo_p50,dynamo_p90,dynamo_p95,sglang_max,sglang_p50,sglang_p90,sglang_p95,same_value_fraction,dynamo_positive_sglang_zero_count,sglang_positive_dynamo_zero_count,dynamo_positive_sglang_zero_fraction,sglang_positive_dynamo_zero_fraction,status,interpretation,rank_or_reconstruction_method,alignment_method,classification,worker_type,scope_note
694d9fdfb4d8ee13,prefill,3615,dynamo_component_inflight_requests (generate endpoint),sglang:num_running_reqs supplied comparison series,0.8356676943429002,0.7597752222445509,0.0,0.7597752222445509,8.0,0.0,2.0,3.0,4.0,0.0,1.0,1.0,0.6677731673582296,463.0,0.0,0.1280774550484094,0.0,Evidence,Time-aligned descriptive cross-check only; Dynamo work-handler inflight and SGLang scheduler running have distinct lifecycles and are not expected to equal.,TP0 local CP-rank scheduler view; not worker unique union,"same backend endpoint exact exported [start,end) 1-second bins",Evidence,,Dynamo component inflight is a work-handler lifecycle metric; it is not synonymous with SGLang scheduler running. Frontend/request-plane series are independent scrape/scope layers and are retained without direct equality claims.
694d9fdfb4d8ee15,prefill,3622,dynamo_component_inflight_requests (generate endpoint),sglang:num_running_reqs supplied comparison series,0.7752484982851252,0.7432360656897832,0.0,0.7432360656897832,6.0,0.0,2.0,3.0,5.0,0.0,1.0,1.0,0.6802871341800111,577.0,0.0,0.15930425179458862,0.0,Evidence,Time-aligned descriptive cross-check only; Dynamo work-handler inflight and SGLang scheduler running have distinct lifecycles and are not expected to equal.,TP0 local CP-rank scheduler view; not worker unique union,"same backend endpoint exact exported [start,end) 1-second bins",Evidence,,Dynamo component inflight is a work-handler lifecycle metric; it is not synonymous with SGLang scheduler running. Frontend/request-plane series are independent scrape/scope layers and are retained without direct equality claims.
694d9fdfb4d8ee18,decode,3607,dynamo_component_inflight_requests (generate endpoint),sglang:num_running_reqs supplied comparison series,0.7226406709497621,0.6748452500340609,-2.0,0.688268281344024,7.0,2.0,4.0,5.0,10.0,2.0,7.0,8.0,0.3360133074577211,365.0,0.0,0.10119212642084835,0.0,Evidence,Time-aligned descriptive cross-check only; Dynamo work-handler inflight and SGLang scheduler running have distinct lifecycles and are not expected to equal.,validated sum of complete DP-rank scheduler shards,"same backend endpoint exact exported [start,end) 1-second bins",Evidence + Validated reconstruction,,Dynamo component inflight is a work-handler lifecycle metric; it is not synonymous with SGLang scheduler running. Frontend/request-plane series are independent scrape/scope layers and are retained without direct equality claims.
694d9fdfb4d8ee1b,decode,3624,dynamo_component_inflight_requests (generate endpoint),sglang:num_running_reqs supplied comparison series,0.7793469365487012,0.6836838360299783,-1.0,0.692266280366687,7.0,1.0,4.0,4.0,9.0,1.0,7.0,8.0,0.4155629139072848,393.0,0.0,0.10844370860927152,0.0,Evidence,Time-aligned descriptive cross-check only; Dynamo work-handler inflight and SGLang scheduler running have distinct lifecycles and are not expected to equal.,validated sum of complete DP-rank scheduler shards,"same backend endpoint exact exported [start,end) 1-second bins",Evidence + Validated reconstruction,,Dynamo component inflight is a work-handler lifecycle metric; it is not synonymous with SGLang scheduler running. Frontend/request-plane series are independent scrape/scope layers and are retained without direct equality claims.
,frontend_or_request_plane,3639,dynamo_frontend_inflight_requests,,,,,,6.0,1.0,2.5,3.0,,,,,,,,,,Evidence,Frontend/request-plane layer retained separately from backend SGLang scheduler scope.,not directly joined to backend scheduler metrics,independent frontend/request-plane AIPerf 1-second export bins,Evidence,,Dynamo component inflight is a work-handler lifecycle metric; it is not synonymous with SGLang scheduler running. Frontend/request-plane series are independent scrape/scope layers and are retained without direct equality claims.
,frontend_or_request_plane,3639,dynamo_frontend_queued_requests,,,,,,4.0,0.0,1.5,2.0,,,,,,,,,,Evidence,Frontend/request-plane layer retained separately from backend SGLang scheduler scope.,not directly joined to backend scheduler metrics,independent frontend/request-plane AIPerf 1-second export bins,Evidence,,Dynamo component inflight is a work-handler lifecycle metric; it is not synonymous with SGLang scheduler running. Frontend/request-plane series are independent scrape/scope layers and are retained without direct equality claims.
,frontend_or_request_plane,3639,dynamo_frontend_router_queue_pending_isl_tokens,,,,,,0.0,0.0,0.0,0.0,,,,,,,,,,Evidence,Frontend/request-plane layer retained separately from backend SGLang scheduler scope.,not directly joined to backend scheduler metrics,independent frontend/request-plane AIPerf 1-second export bins,Evidence,decode,Dynamo component inflight is a work-handler lifecycle metric; it is not synonymous with SGLang scheduler running. Frontend/request-plane series are independent scrape/scope layers and are retained without direct equality claims.
,frontend_or_request_plane,3639,dynamo_frontend_router_queue_pending_isl_tokens,,,,,,173921.0,0.0,0.0,0.0,,,,,,,,,,Evidence,Frontend/request-plane layer retained separately from backend SGLang scheduler scope.,not directly joined to backend scheduler metrics,independent frontend/request-plane AIPerf 1-second export bins,Evidence,prefill,Dynamo component inflight is a work-handler lifecycle metric; it is not synonymous with SGLang scheduler running. Frontend/request-plane series are independent scrape/scope layers and are retained without direct equality claims.
,frontend_or_request_plane,3639,dynamo_frontend_router_queue_pending_requests,,,,,,0.0,0.0,0.0,0.0,,,,,,,,,,Evidence,Frontend/request-plane layer retained separately from backend SGLang scheduler scope.,not directly joined to backend scheduler metrics,independent frontend/request-plane AIPerf 1-second export bins,Evidence,decode,Dynamo component inflight is a work-handler lifecycle metric; it is not synonymous with SGLang scheduler running. Frontend/request-plane series are independent scrape/scope layers and are retained without direct equality claims.
,frontend_or_request_plane,3639,dynamo_frontend_router_queue_pending_requests,,,,,,2.0,0.0,0.0,0.0,,,,,,,,,,Evidence,Frontend/request-plane layer retained separately from backend SGLang scheduler scope.,not directly joined to backend scheduler metrics,independent frontend/request-plane AIPerf 1-second export bins,Evidence,prefill,Dynamo component inflight is a work-handler lifecycle metric; it is not synonymous with SGLang scheduler running. Frontend/request-plane series are independent scrape/scope layers and are retained without direct equality claims.
,frontend_or_request_plane,3639,dynamo_request_plane_inflight_requests,,,,,,9.0,1.5,4.0,4.5,,,,,,,,,,Evidence,Frontend/request-plane layer retained separately from backend SGLang scheduler scope.,not directly joined to backend scheduler metrics,independent frontend/request-plane AIPerf 1-second export bins,Evidence,,Dynamo component inflight is a work-handler lifecycle metric; it is not synonymous with SGLang scheduler running. Frontend/request-plane series are independent scrape/scope layers and are retained without direct equality claims.
