root_trace_id,exact_source_key,left_group,right_group,left_record_count,right_record_count,left_ttft_ms,right_ttft_ms,ttft_ratio_right_over_left,left_itl_ms,right_itl_ms,itl_ratio_right_over_left,same_output_length,strict_ttft_subset,strict_decode_subset
006c98de37d819e95b0840e25426bb7ca99d,006c98de37d819e95b0840e25426bb7ca99d|20|-1,hisparse_c8,gpu_resident_mtp_c8,1,1,48178.706694,1433.088622,0.029745269649973222,29.340100661795407,10.210838436325679,0.34801647594963797,True,True,True
006c98de37d819e95b0840e25426bb7ca99d,006c98de37d819e95b0840e25426bb7ca99d|21|-1,hisparse_c8,gpu_resident_mtp_c8,1,1,314364.255914,47591.921508,0.15139100776463477,30.118420517942585,10.629946105263159,0.3529383653744569,True,True,True
006c98de37d819e95b0840e25426bb7ca99d,006c98de37d819e95b0840e25426bb7ca99d|22|-1,hisparse_c8,gpu_resident_mtp_c8,1,1,256711.658146,6606.3631589999995,0.025734566192715535,30.33501739088983,10.099051897245763,0.33291729380312457,True,True,True
006c98de37d819e95b0840e25426bb7ca99d,006c98de37d819e95b0840e25426bb7ca99d|23|-1,hisparse_c8,gpu_resident_mtp_c8,1,1,229106.560696,1099.720714,0.004800040254889131,29.81191318009868,10.86065228536184,0.36430578003333264,True,True,True
006c98de37d819e95b0840e25426bb7ca99d,006c98de37d819e95b0840e25426bb7ca99d|24|-1,hisparse_c8,gpu_resident_mtp_c8,1,1,402423.227393,5730.056813,0.014238881910770324,29.932420179347822,10.413718809782608,0.34790767827613417,True,True,True
006c98de37d819e95b0840e25426bb7ca99d,006c98de37d819e95b0840e25426bb7ca99d|25|-1,hisparse_c8,gpu_resident_mtp_c8,1,1,292440.63319699996,171637.722552,0.5869147548876281,31.028580577540104,13.497859219251335,0.43501375080694793,True,True,True
006c98de37d819e95b0840e25426bb7ca99d,006c98de37d819e95b0840e25426bb7ca99d|26|-1,hisparse_c8,gpu_resident_mtp_c8,1,1,236222.46362,9582.71316,0.04056647709599397,30.62997891979301,10.660666276843468,0.3480468042357866,True,True,True
006c98de37d819e95b0840e25426bb7ca99d,006c98de37d819e95b0840e25426bb7ca99d|27|-1,hisparse_c8,gpu_resident_mtp_c8,1,1,283217.147467,1175.3917159999999,0.0041501431905247,30.92748222312483,10.735753799350121,0.34712666624129124,True,True,True
006c98de37d819e95b0840e25426bb7ca99d,006c98de37d819e95b0840e25426bb7ca99d|28|-1,hisparse_c8,gpu_resident_mtp_c8,1,1,201601.34349499998,1072.4026099999999,0.005319421941385014,29.368248324723247,10.377359357933578,0.3533530240956708,True,True,True
006c98de37d819e95b0840e25426bb7ca99d,006c98de37d819e95b0840e25426bb7ca99d|29|-1,hisparse_c8,gpu_resident_mtp_c8,1,1,268106.63133199996,1523.3480949999998,0.0056818739895829655,30.958256695974576,9.88598698940678,0.3193328063169729,True,True,True
006c98de37d819e95b0840e25426bb7ca99d,006c98de37d819e95b0840e25426bb7ca99d|30|-1,hisparse_c8,gpu_resident_mtp_c8,1,1,78364.904356,12555.879765,0.1602232513161826,31.06070125125,10.41595753625,0.3353419954042674,True,True,True
006c98de37d819e95b0840e25426bb7ca99d,006c98de37d819e95b0840e25426bb7ca99d|31|-1,hisparse_c8,gpu_resident_mtp_c8,1,1,192129.655555,14496.639869999999,0.07545238046736683,35.699158774647884,10.48440276056338,0.2936876699741447,True,True,True
006c98de37d819e95b0840e25426bb7ca99d,006c98de37d819e95b0840e25426bb7ca99d|32|-1,hisparse_c8,gpu_resident_mtp_c8,1,1,145105.612078,8505.064564999999,0.058612926427877854,33.85863611764706,10.647462843137255,0.31446815536635914,True,True,True
0196085d85d2075a50b74cd8795ffbdcea9a,0196085d85d2075a50b74cd8795ffbdcea9a|111|-1,hisparse_c8,gpu_resident_mtp_c8,1,1,283674.60225399997,26738.302894,0.09425695032810423,,,,True,True,False
0196085d85d2075a50b74cd8795ffbdcea9a,0196085d85d2075a50b74cd8795ffbdcea9a|112|-1,hisparse_c8,gpu_resident_mtp_c8,1,1,343078.316971,2263.626229,0.006597986864880597,,,,True,True,False
0196085d85d2075a50b74cd8795ffbdcea9a,0196085d85d2075a50b74cd8795ffbdcea9a|113|-1,hisparse_c8,gpu_resident_mtp_c8,1,1,271175.066304,15752.028202,0.05808804038178509,,,,True,True,False
0196085d85d2075a50b74cd8795ffbdcea9a,0196085d85d2075a50b74cd8795ffbdcea9a|114|-1,hisparse_c8,gpu_resident_mtp_c8,1,1,300583.082461,2126.8238969999998,0.007075660677862502,,,,True,True,False
0196085d85d2075a50b74cd8795ffbdcea9a,0196085d85d2075a50b74cd8795ffbdcea9a|115|-1,hisparse_c8,gpu_resident_mtp_c8,1,1,337679.426185,22446.458521,0.06647268616448831,,,,True,True,False
0196085d85d2075a50b74cd8795ffbdcea9a,0196085d85d2075a50b74cd8795ffbdcea9a|116|-1,hisparse_c8,gpu_resident_mtp_c8,1,1,319102.75926699996,2191.8719849999998,0.006868859391986688,,,,True,True,False
0196085d85d2075a50b74cd8795ffbdcea9a,0196085d85d2075a50b74cd8795ffbdcea9a|117|-1,hisparse_c8,gpu_resident_mtp_c8,1,1,309425.05368199997,2138.080348,0.006909848839187186,,,,True,True,False
0196085d85d2075a50b74cd8795ffbdcea9a,0196085d85d2075a50b74cd8795ffbdcea9a|118|-1,hisparse_c8,gpu_resident_mtp_c8,1,1,270724.673497,2384.4540669999997,0.008807671780335244,,,,True,True,False
0196085d85d2075a50b74cd8795ffbdcea9a,0196085d85d2075a50b74cd8795ffbdcea9a|119|-1,hisparse_c8,gpu_resident_mtp_c8,1,1,271247.233831,21691.753386,0.07997041326332935,,,,True,True,False
0196085d85d2075a50b74cd8795ffbdcea9a,0196085d85d2075a50b74cd8795ffbdcea9a|120|-1,hisparse_c8,gpu_resident_mtp_c8,1,1,370325.428258,2179.349166,0.005884956850658608,,,,True,True,False
0196085d85d2075a50b74cd8795ffbdcea9a,0196085d85d2075a50b74cd8795ffbdcea9a|121|-1,hisparse_c8,gpu_resident_mtp_c8,1,1,332508.200863,24199.828923999998,0.07277964531759266,,,,True,True,False
03e110ac6921c2fe9ac7772a9654314a2beb,03e110ac6921c2fe9ac7772a9654314a2beb|34|-1,hisparse_c8,gpu_resident_mtp_c8,1,1,329554.299442,2564.61221,0.007782062665674187,,,,True,True,False
03e110ac6921c2fe9ac7772a9654314a2beb,03e110ac6921c2fe9ac7772a9654314a2beb|35|-1,hisparse_c8,gpu_resident_mtp_c8,1,1,293461.06727999996,3426.1308689999996,0.011674907682834215,,,,True,True,False
03e110ac6921c2fe9ac7772a9654314a2beb,03e110ac6921c2fe9ac7772a9654314a2beb|36|-1,hisparse_c8,gpu_resident_mtp_c8,1,1,281106.778288,2184.670765,0.0077716758674590105,,,,True,True,False
03e110ac6921c2fe9ac7772a9654314a2beb,03e110ac6921c2fe9ac7772a9654314a2beb|37|-1,hisparse_c8,gpu_resident_mtp_c8,1,1,312717.992199,2219.790779,0.0070983788409188266,,,,True,True,False
03e110ac6921c2fe9ac7772a9654314a2beb,03e110ac6921c2fe9ac7772a9654314a2beb|38|-1,hisparse_c8,gpu_resident_mtp_c8,1,1,262709.608381,1552.359234,0.005909031053590774,,,,True,True,False
03e110ac6921c2fe9ac7772a9654314a2beb,03e110ac6921c2fe9ac7772a9654314a2beb|39|-1,hisparse_c8,gpu_resident_mtp_c8,1,1,295646.10229899996,2047.684976,0.006926135538661984,,,,True,True,False
03e110ac6921c2fe9ac7772a9654314a2beb,03e110ac6921c2fe9ac7772a9654314a2beb|40|-1,hisparse_c8,gpu_resident_mtp_c8,1,1,77496.026025,1560.5831739999999,0.02013758968100584,,,,True,True,False
03e110ac6921c2fe9ac7772a9654314a2beb,03e110ac6921c2fe9ac7772a9654314a2beb|41|0,hisparse_c8,gpu_resident_mtp_c8,1,1,73322.469302,2883.921266,0.03933202595948764,31.598331684848482,14.760653151515152,0.46713393918176194,True,True,True
03e110ac6921c2fe9ac7772a9654314a2beb,03e110ac6921c2fe9ac7772a9654314a2beb|41|1,hisparse_c8,gpu_resident_mtp_c8,1,1,227367.690515,1146.731308,0.0050435103835667775,30.429400288343558,13.987085073619632,0.45965694167747356,True,True,True
03e110ac6921c2fe9ac7772a9654314a2beb,03e110ac6921c2fe9ac7772a9654314a2beb|42|0,hisparse_c8,gpu_resident_mtp_c8,1,1,77899.17001,3563.2929569999997,0.04574237384740525,32.41619007468879,10.760867427385893,0.3319596597438572,True,True,True
03e110ac6921c2fe9ac7772a9654314a2beb,03e110ac6921c2fe9ac7772a9654314a2beb|42|1,hisparse_c8,gpu_resident_mtp_c8,1,1,215764.858407,708.311483,0.003282793538435731,30.171301452802357,11.093471459070795,0.36768289483383937,True,True,True
03e110ac6921c2fe9ac7772a9654314a2beb,03e110ac6921c2fe9ac7772a9654314a2beb|43|0,hisparse_c8,gpu_resident_mtp_c8,1,1,79759.121384,2288.49714,0.028692607193878665,31.556836500701262,11.534028527349227,0.3655001516737242,True,True,True
03e110ac6921c2fe9ac7772a9654314a2beb,03e110ac6921c2fe9ac7772a9654314a2beb|43|1,hisparse_c8,gpu_resident_mtp_c8,1,1,239613.62625499998,671.206927,0.002801205163038986,31.007732591549296,10.621995387323944,0.34255956497182943,True,True,True
03e110ac6921c2fe9ac7772a9654314a2beb,03e110ac6921c2fe9ac7772a9654314a2beb|44|-1,hisparse_c8,gpu_resident_mtp_c8,1,1,331916.503966,16008.090714,0.04822927008064593,,,,True,True,False
0470d446a4514dfe0c6ad0be92853bd13287,0470d446a4514dfe0c6ad0be92853bd13287|508|-1,hisparse_c8,gpu_resident_mtp_c8,1,1,60205.689473,1699.375036,0.028226153555838043,30.84177050276243,12.024995640883978,0.3898931690645621,True,True,True
0470d446a4514dfe0c6ad0be92853bd13287,0470d446a4514dfe0c6ad0be92853bd13287|509|10,hisparse_c8,gpu_resident_mtp_c8,1,1,162271.467239,8967.009643,0.05525931203785213,29.421149935897436,10.56677173076923,0.3591556330664174,True,True,True
0470d446a4514dfe0c6ad0be92853bd13287,0470d446a4514dfe0c6ad0be92853bd13287|509|11,hisparse_c8,gpu_resident_mtp_c8,1,1,321996.674216,6375.639381999999,0.019800326812453747,29.76734518253968,10.59520169047619,0.3559337127817131,True,True,True
0470d446a4514dfe0c6ad0be92853bd13287,0470d446a4514dfe0c6ad0be92853bd13287|509|12,hisparse_c8,gpu_resident_mtp_c8,1,1,331707.754723,20030.217667,0.06038513535424182,29.797180773480658,10.441625828729281,0.35042328024610553,True,True,True
0470d446a4514dfe0c6ad0be92853bd13287,0470d446a4514dfe0c6ad0be92853bd13287|509|13,hisparse_c8,gpu_resident_mtp_c8,1,1,262909.25616,1082.215413,0.004116307766438587,33.06401906766917,8.67998132330827,0.2625204548044728,True,True,True
0470d446a4514dfe0c6ad0be92853bd13287,0470d446a4514dfe0c6ad0be92853bd13287|509|14,hisparse_c8,gpu_resident_mtp_c8,1,1,201540.974602,709.7503869999999,0.0035216183131078133,30.742013945945942,10.359678855855856,0.3369876441430092,True,True,True
0470d446a4514dfe0c6ad0be92853bd13287,0470d446a4514dfe0c6ad0be92853bd13287|509|15,hisparse_c8,gpu_resident_mtp_c8,1,1,232954.91101299998,821.8223069999999,0.00352781705020221,29.22455439416058,10.687711627737226,0.36570999453366376,True,True,True
0470d446a4514dfe0c6ad0be92853bd13287,0470d446a4514dfe0c6ad0be92853bd13287|509|16,hisparse_c8,gpu_resident_mtp_c8,1,1,175455.1762,3865.014343,0.0220284999662495,29.86498870338983,11.729618466101694,0.3927548268173402,True,True,True
0470d446a4514dfe0c6ad0be92853bd13287,0470d446a4514dfe0c6ad0be92853bd13287|509|17,hisparse_c8,gpu_resident_mtp_c8,1,1,230948.232023,17170.703392,0.0743487111444524,35.81339668503937,8.552967086614172,0.23882032642234893,True,True,True
0470d446a4514dfe0c6ad0be92853bd13287,0470d446a4514dfe0c6ad0be92853bd13287|509|18,hisparse_c8,gpu_resident_mtp_c8,1,1,64075.254792,22706.156506,0.3543670107861192,34.06782989032258,10.551245399999999,0.3097128708804907,True,True,True
0470d446a4514dfe0c6ad0be92853bd13287,0470d446a4514dfe0c6ad0be92853bd13287|509|19,hisparse_c8,gpu_resident_mtp_c8,1,1,233937.07766799998,21237.043659,0.09078100774234384,31.640016449999997,15.536660258333333,0.4910446327638788,True,True,True
0470d446a4514dfe0c6ad0be92853bd13287,0470d446a4514dfe0c6ad0be92853bd13287|509|4,hisparse_c8,gpu_resident_mtp_c8,1,1,10455.085776,661.388063,0.0632599365677361,33.31245179069767,10.540406968992247,0.31641042320204127,True,True,True
0470d446a4514dfe0c6ad0be92853bd13287,0470d446a4514dfe0c6ad0be92853bd13287|509|5,hisparse_c8,gpu_resident_mtp_c8,1,1,288591.90110099997,1279.2304629999999,0.004432662379365598,30.45662981147541,6.512197,0.21381870024063998,True,True,True
0470d446a4514dfe0c6ad0be92853bd13287,0470d446a4514dfe0c6ad0be92853bd13287|509|6,hisparse_c8,gpu_resident_mtp_c8,1,1,162101.694551,1190.172662,0.007342135844394588,28.86939952136752,10.834271068376067,0.37528563974311774,True,True,True
0470d446a4514dfe0c6ad0be92853bd13287,0470d446a4514dfe0c6ad0be92853bd13287|509|7,hisparse_c8,gpu_resident_mtp_c8,1,1,266667.470555,781.4449639999999,0.0029304097810416187,29.871196879310343,10.857164068965517,0.36346598741363134,True,True,True
0470d446a4514dfe0c6ad0be92853bd13287,0470d446a4514dfe0c6ad0be92853bd13287|509|8,hisparse_c8,gpu_resident_mtp_c8,1,1,223618.076806,1153.87584,0.005160029352193408,28.75464412598425,10.71982418110236,0.37280322907614594,True,True,True
0470d446a4514dfe0c6ad0be92853bd13287,0470d446a4514dfe0c6ad0be92853bd13287|509|9,hisparse_c8,gpu_resident_mtp_c8,1,1,264836.572194,2091.5864389999997,0.007897649564305097,31.06097740345821,10.482181521613832,0.3374710777918658,True,True,True
0470d446a4514dfe0c6ad0be92853bd13287,0470d446a4514dfe0c6ad0be92853bd13287|510|-1,hisparse_c8,gpu_resident_mtp_c8,1,1,199831.17332,1511.152525,0.0075621460850861,29.117145334649553,11.210354708785784,0.3850087149664842,True,True,True
0470d446a4514dfe0c6ad0be92853bd13287,0470d446a4514dfe0c6ad0be92853bd13287|511|-1,hisparse_c8,gpu_resident_mtp_c8,1,1,270560.685886,1023.7409409999999,0.00378377567179642,30.133543467114738,10.555805764762361,0.3503008458425109,True,True,True
0470d446a4514dfe0c6ad0be92853bd13287,0470d446a4514dfe0c6ad0be92853bd13287|512|-1,hisparse_c8,gpu_resident_mtp_c8,1,1,36984.335850999996,890.9150569999999,0.024088983525059327,30.12827259963768,10.426881891304348,0.34608296432599794,True,True,True
0470d446a4514dfe0c6ad0be92853bd13287,0470d446a4514dfe0c6ad0be92853bd13287|513|-1,hisparse_c8,gpu_resident_mtp_c8,1,1,226703.198596,4595.3819029999995,0.02027047669137334,30.99915654722222,10.683801519444444,0.3446481359313565,True,True,True
0470d446a4514dfe0c6ad0be92853bd13287,0470d446a4514dfe0c6ad0be92853bd13287|514|-1,hisparse_c8,gpu_resident_mtp_c8,1,1,234539.92103899998,1189.502857,0.0050716434615078,30.257231676970633,10.573355768160742,0.34944888154484827,True,True,True
0470d446a4514dfe0c6ad0be92853bd13287,0470d446a4514dfe0c6ad0be92853bd13287|515|-1,hisparse_c8,gpu_resident_mtp_c8,1,1,154378.600447,9151.92448,0.0592823387017423,32.476855028070176,11.477677589473682,0.3534109931381402,True,True,True
0470d446a4514dfe0c6ad0be92853bd13287,0470d446a4514dfe0c6ad0be92853bd13287|516|-1,hisparse_c8,gpu_resident_mtp_c8,1,1,232981.752029,50779.418153,0.21795448661009004,29.861835398601396,11.065343027972027,0.3705513368575557,True,True,True
0470d446a4514dfe0c6ad0be92853bd13287,0470d446a4514dfe0c6ad0be92853bd13287|517|-1,hisparse_c8,gpu_resident_mtp_c8,1,1,297322.54189399997,50436.417765,0.1696353644890516,30.847932175925923,10.587219648148148,0.34320678571805646,True,True,True
0470d446a4514dfe0c6ad0be92853bd13287,0470d446a4514dfe0c6ad0be92853bd13287|518|-1,hisparse_c8,gpu_resident_mtp_c8,1,1,112852.868901,8423.063236,0.07463756409585935,30.871390551456308,12.0271362184466,0.3895884183901538,True,True,True
0470d446a4514dfe0c6ad0be92853bd13287,0470d446a4514dfe0c6ad0be92853bd13287|519|-1,hisparse_c8,gpu_resident_mtp_c8,1,1,201646.016488,1035.015543,0.00513283406747385,29.688955949044583,12.028101789808916,0.4051372439789683,True,True,True
0470d446a4514dfe0c6ad0be92853bd13287,0470d446a4514dfe0c6ad0be92853bd13287|520|-1,hisparse_c8,gpu_resident_mtp_c8,1,1,208611.408603,11796.155649999999,0.05654607161226158,29.14427599074074,10.842849074074074,0.3720404335149342,True,True,True
0470d446a4514dfe0c6ad0be92853bd13287,0470d446a4514dfe0c6ad0be92853bd13287|521|-1,hisparse_c8,gpu_resident_mtp_c8,1,1,280323.31343599997,14101.911736999999,0.05030588274713575,31.12813207790143,10.776149979332274,0.3461868496433973,True,True,True
0470d446a4514dfe0c6ad0be92853bd13287,0470d446a4514dfe0c6ad0be92853bd13287|522|-1,hisparse_c8,gpu_resident_mtp_c8,1,1,165212.803765,3978.65987,0.024082031049235612,31.569325557446806,12.075771774468084,0.3825159885818201,True,True,True
0470d446a4514dfe0c6ad0be92853bd13287,0470d446a4514dfe0c6ad0be92853bd13287|523|-1,hisparse_c8,gpu_resident_mtp_c8,1,1,114605.187735,1617.797536,0.014116267927947651,33.267725627296585,10.895760507874016,0.3275174452843842,True,True,True
0470d446a4514dfe0c6ad0be92853bd13287,0470d446a4514dfe0c6ad0be92853bd13287|524|-1,hisparse_c8,gpu_resident_mtp_c8,1,1,181149.884191,946.4570259999999,0.005224717808828842,31.989519264631042,10.581415536895673,0.33077757278443787,True,True,True
0470d446a4514dfe0c6ad0be92853bd13287,0470d446a4514dfe0c6ad0be92853bd13287|525|-1,hisparse_c8,gpu_resident_mtp_c8,1,1,180428.7572,1094.8253909999999,0.006067909617015308,34.46210788505747,10.524475477011494,0.30539267975464823,True,True,True
05c249572509162371b7b82339674db64b5d,05c249572509162371b7b82339674db64b5d|10|-1,hisparse_c8,gpu_resident_mtp_c8,1,1,212218.400779,1076.149091,0.005070950902700847,31.998312834578712,9.843349432105127,0.3076208887322332,True,True,True
05c249572509162371b7b82339674db64b5d,05c249572509162371b7b82339674db64b5d|11|-1,hisparse_c8,gpu_resident_mtp_c8,1,1,185415.521869,811.5040319999999,0.004376677981541075,30.171075165745858,11.606513602209944,0.38469008938028076,True,True,True
05c249572509162371b7b82339674db64b5d,05c249572509162371b7b82339674db64b5d|6|-1,hisparse_c8,gpu_resident_mtp_c8,1,1,177995.910423,923.2064879999999,0.00518667246795748,30.723469143292682,22.007823474085363,0.7163196112861475,True,True,True
05c249572509162371b7b82339674db64b5d,05c249572509162371b7b82339674db64b5d|7|-1,hisparse_c8,gpu_resident_mtp_c8,1,1,227827.54162399998,881.432323,0.0038688576311580914,30.747365774358972,11.869927001709401,0.38604695728464783,True,True,True
05c249572509162371b7b82339674db64b5d,05c249572509162371b7b82339674db64b5d|8|-1,hisparse_c8,gpu_resident_mtp_c8,1,1,210815.963486,884.458987,0.004195408034452456,34.5452597,127.2585839,3.6838218906196265,True,True,True
05c249572509162371b7b82339674db64b5d,05c249572509162371b7b82339674db64b5d|9|-1,hisparse_c8,gpu_resident_mtp_c8,1,1,341639.532471,1228.7680599999999,0.0035966799600520576,31.12956113559322,9.905539881355931,0.318203646951837,True,True,True
05f72f78a037cfa5cd4e4541960a574701d9,05f72f78a037cfa5cd4e4541960a574701d9|5|-1,hisparse_c8,gpu_resident_mtp_c8,1,1,216734.838902,710.6958639999999,0.00327910301638839,29.66851852542373,13.016106562146891,0.43871777928490263,True,True,True
05f72f78a037cfa5cd4e4541960a574701d9,05f72f78a037cfa5cd4e4541960a574701d9|6|-1,hisparse_c8,gpu_resident_mtp_c8,1,1,152012.905752,813.2093299999999,0.005349607166425083,29.483078596590907,12.268556098484847,0.41612194799438096,True,True,True
05f72f78a037cfa5cd4e4541960a574701d9,05f72f78a037cfa5cd4e4541960a574701d9|7|-1,hisparse_c8,gpu_resident_mtp_c8,1,1,275753.648298,732.1942819999999,0.0026552478508234862,32.59800493887147,11.971191081504703,0.3672369245895065,True,True,True
05f72f78a037cfa5cd4e4541960a574701d9,05f72f78a037cfa5cd4e4541960a574701d9|8|-1,hisparse_c8,gpu_resident_mtp_c8,1,1,69917.468173,754.637844,0.010793266171091392,31.743152927835048,16.31673404639175,0.5140237355591692,True,True,True
05f72f78a037cfa5cd4e4541960a574701d9,05f72f78a037cfa5cd4e4541960a574701d9|9|-1,hisparse_c8,gpu_resident_mtp_c8,1,1,236224.15875799998,1112.5112769999998,0.0047095575780617465,33.30099504571428,15.38227313142857,0.4619163214286059,True,True,True
063179eb93f4337a662e859c5a2c5638e03f,063179eb93f4337a662e859c5a2c5638e03f|2|-1,hisparse_c8,gpu_resident_mtp_c8,1,1,245551.927745,2684.420421,0.010932190374769562,33.79507535,438.0963025,12.963317819618355,True,True,True
