timestamp_ns,event_type,event_order_at_timestamp,row_position,delta,root_delta,subagent_delta,unknown_branch_delta,inflight_after_event,root_inflight,subagent_inflight,unknown_branch_inflight,profiling_inflight
1786166593662181632,start,0,0,1,1,0,0,1,1,0,0,1
1786166605108670720,end,0,0,-1,-1,0,0,0,0,0,0,0
1786166610512069376,start,0,1,1,1,0,0,1,1,0,0,1
1786166616520158464,start,0,2,1,1,0,0,2,2,0,0,2
1786166620967706880,end,0,1,-1,-1,0,0,1,1,0,0,1
1786166631880692736,end,0,2,-1,-1,0,0,0,0,0,0,0
1786166633086070016,start,0,3,1,1,0,0,1,1,0,0,1
1786166640911534080,end,0,3,-1,-1,0,0,0,0,0,0,0
1786166642166718208,start,0,4,1,1,0,0,1,1,0,0,1
1786166644323887872,end,0,4,-1,-1,0,0,0,0,0,0,0
1786166652989475328,start,0,5,1,1,0,0,1,1,0,0,1
1786166681156018176,end,0,5,-1,-1,0,0,0,0,0,0,0
1786166686982918656,start,0,6,1,1,0,0,1,1,0,0,1
1786166692301485312,end,0,6,-1,-1,0,0,0,0,0,0,0
1786166692994830080,start,0,7,1,1,0,0,1,1,0,0,1
1786166700291766528,end,0,7,-1,-1,0,0,0,0,0,0,0
1786166710294891520,start,0,8,1,1,0,0,1,1,0,0,1
1786166715031079936,end,0,8,-1,-1,0,0,0,0,0,0,0
1786166717054521088,start,0,9,1,1,0,0,1,1,0,0,1
1786166756332860672,end,0,9,-1,-1,0,0,0,0,0,0,0
1786166759036430592,start,0,10,1,1,0,0,1,1,0,0,1
1786166768251180032,end,0,10,-1,-1,0,0,0,0,0,0,0
1786166769417100544,start,0,11,1,1,0,0,1,1,0,0,1
1786166772944484864,end,0,11,-1,-1,0,0,0,0,0,0,0
1786166774178035968,start,0,12,1,1,0,0,1,1,0,0,1
1786166782547983616,end,0,12,-1,-1,0,0,0,0,0,0,0
1786166783362751232,start,0,13,1,1,0,0,1,1,0,0,1
1786166787284549888,end,0,13,-1,-1,0,0,0,0,0,0,0
1786166792453508352,start,0,14,1,1,0,0,1,1,0,0,1
1786166801412711936,end,0,14,-1,-1,0,0,0,0,0,0,0
1786166809780338432,start,0,15,1,1,0,0,1,1,0,0,1
1786166810532049920,start,0,16,1,1,0,0,2,2,0,0,2
1786166819199083776,end,0,15,-1,-1,0,0,1,1,0,0,1
1786166820662189568,start,0,17,1,1,0,0,2,2,0,0,2
1786166830694095104,end,0,16,-1,-1,0,0,1,1,0,0,1
1786166835701579264,end,0,17,-1,-1,0,0,0,0,0,0,0
1786166837149256192,start,0,18,1,1,0,0,1,1,0,0,1
1786166841130539008,end,0,18,-1,-1,0,0,0,0,0,0,0
1786166842236750336,start,0,19,1,1,0,0,1,1,0,0,1
1786166852676777984,end,0,19,-1,-1,0,0,0,0,0,0,0
1786166853925576192,start,0,23,1,1,0,0,1,1,0,0,1
1786166863298402560,start,0,20,1,1,0,0,2,2,0,0,2
1786166866957543936,start,0,21,1,1,0,0,3,3,0,0,3
1786166867102931200,end,0,20,-1,-1,0,0,2,2,0,0,2
1786166868048738048,start,0,22,1,1,0,0,3,3,0,0,3
1786166879003407872,end,0,21,-1,-1,0,0,2,2,0,0,2
1786166879478908928,end,0,22,-1,-1,0,0,1,1,0,0,1
1786166880505946880,start,0,28,1,1,0,0,2,2,0,0,2
1786166886846120960,end,0,23,-1,-1,0,0,1,1,0,0,1
1786166886848699136,start,0,31,1,1,0,0,2,2,0,0,2
1786166893663293952,start,0,27,1,1,0,0,3,3,0,0,3
1786166893663650048,start,0,26,1,1,0,0,4,4,0,0,4
1786166893664027392,start,0,25,1,1,0,0,5,5,0,0,5
1786166893664163584,start,0,24,1,1,0,0,6,6,0,0,6
1786166893667488256,start,0,32,1,1,0,0,7,7,0,0,7
1786166895921499904,end,0,24,-1,-1,0,0,6,6,0,0,6
1786166896228781824,end,0,25,-1,-1,0,0,5,5,0,0,5
1786166896969543936,end,0,26,-1,-1,0,0,4,4,0,0,4
1786166897926655488,end,0,27,-1,-1,0,0,3,3,0,0,3
1786166899444298240,start,0,30,1,1,0,0,4,4,0,0,4
1786166900855999744,start,0,29,1,1,0,0,5,5,0,0,5
1786166902783300096,end,0,28,-1,-1,0,0,4,4,0,0,4
1786166903358977536,start,0,33,1,1,0,0,5,5,0,0,5
1786166904282310400,end,0,29,-1,-1,0,0,4,4,0,0,4
1786166906210211840,end,0,30,-1,-1,0,0,3,3,0,0,3
1786166909249984512,end,0,31,-1,-1,0,0,2,2,0,0,2
1786166910586162688,start,0,83,1,1,0,0,3,3,0,0,3
1786166914696322816,end,0,32,-1,-1,0,0,2,2,0,0,2
1786166919531448576,end,0,33,-1,-1,0,0,1,1,0,0,1
1786166921619015424,start,0,34,1,1,0,0,2,2,0,0,2
1786166923008797696,start,0,37,1,1,0,0,3,3,0,0,3
1786166924566085888,start,0,47,1,1,0,0,4,4,0,0,4
1786166926282169344,end,0,34,-1,-1,0,0,3,3,0,0,3
1786166926853519360,start,0,35,1,1,0,0,4,4,0,0,4
1786166930206553088,end,0,35,-1,-1,0,0,3,3,0,0,3
1786166931384524544,start,0,36,1,1,0,0,4,4,0,0,4
1786166935088214528,start,0,38,1,1,0,0,5,5,0,0,5
1786166935933432576,end,0,36,-1,-1,0,0,4,4,0,0,4
1786166936101359872,end,0,37,-1,-1,0,0,3,3,0,0,3
1786166936591287040,start,0,40,1,1,0,0,4,4,0,0,4
1786166939833271552,start,0,39,1,1,0,0,5,5,0,0,5
1786166942731114240,end,0,38,-1,-1,0,0,4,4,0,0,4
1786166942764897792,end,0,39,-1,-1,0,0,3,3,0,0,3
1786166944703726592,end,0,40,-1,-1,0,0,2,2,0,0,2
1786166945036399104,start,0,41,1,1,0,0,3,3,0,0,3
1786166945268999168,start,0,42,1,1,0,0,4,4,0,0,4
1786166949150205952,end,0,41,-1,-1,0,0,3,3,0,0,3
1786166951513163776,start,0,43,1,1,0,0,4,4,0,0,4
1786166951558075648,end,0,42,-1,-1,0,0,3,3,0,0,3
1786166955231246848,start,0,44,1,1,0,0,4,4,0,0,4
1786166957084886784,end,0,43,-1,-1,0,0,3,3,0,0,3
1786166958137736448,end,0,44,-1,-1,0,0,2,2,0,0,2
1786166959689364480,start,0,45,1,1,0,0,3,3,0,0,3
1786166963681786112,end,0,45,-1,-1,0,0,2,2,0,0,2
1786166965515096576,start,0,46,1,1,0,0,3,3,0,0,3
1786166968057661952,end,0,46,-1,-1,0,0,2,2,0,0,2
1786166969631015424,start,0,48,1,1,0,0,3,3,0,0,3
1786166972329927680,start,0,49,1,1,0,0,4,4,0,0,4
1786166974016082688,end,0,47,-1,-1,0,0,3,3,0,0,3
1786166974444097792,end,0,48,-1,-1,0,0,2,2,0,0,2
1786166974514754048,end,0,49,-1,-1,0,0,1,1,0,0,1
1786166975613876992,start,0,60,1,1,0,0,2,2,0,0,2
1786166976630000896,start,0,51,1,1,0,0,3,3,0,0,3
1786166979370737920,start,0,50,1,1,0,0,4,4,0,0,4
1786166981590726912,end,0,50,-1,-1,0,0,3,3,0,0,3
1786166982687582720,end,0,51,-1,-1,0,0,2,2,0,0,2
1786166984343848192,start,0,52,1,1,0,0,3,3,0,0,3
1786166986023432704,start,0,53,1,1,0,0,4,4,0,0,4
1786166986777869568,end,0,52,-1,-1,0,0,3,3,0,0,3
1786166987575930624,end,0,53,-1,-1,0,0,2,2,0,0,2
1786166988467596544,start,0,54,1,1,0,0,3,3,0,0,3
1786166988470169600,start,0,55,1,1,0,0,4,4,0,0,4
1786166990607528448,end,0,54,-1,-1,0,0,3,3,0,0,3
1786166990821619968,end,0,55,-1,-1,0,0,2,2,0,0,2
1786166992072503552,start,0,56,1,1,0,0,3,3,0,0,3
1786166992448110336,start,0,57,1,1,0,0,4,4,0,0,4
1786166994120335616,end,0,56,-1,-1,0,0,3,3,0,0,3
1786166995321256704,end,0,57,-1,-1,0,0,2,2,0,0,2
1786166996982605312,start,0,58,1,1,0,0,3,3,0,0,3
1786166998734176256,start,0,59,1,1,0,0,4,4,0,0,4
1786166999141450496,end,0,58,-1,-1,0,0,3,3,0,0,3
1786167000294999040,end,0,59,-1,-1,0,0,2,2,0,0,2
1786167000299121408,start,0,61,1,0,1,0,3,2,1,0,3
1786167000300779264,start,0,63,1,0,1,0,4,2,2,0,4
1786167000983984896,start,0,62,1,1,0,0,5,3,2,0,5
1786167002326526464,start,0,67,1,0,1,0,6,3,3,0,6
1786167004343469824,end,0,60,-1,-1,0,0,5,2,3,0,5
1786167005618854912,end,0,61,-1,0,-1,0,4,2,2,0,4
1786167005734980864,end,0,62,-1,-1,0,0,3,1,2,0,3
1786167005910826240,start,0,64,1,1,0,0,4,2,2,0,4
1786167006279308288,start,0,65,1,0,1,0,5,2,3,0,5
1786167006457807104,end,0,63,-1,0,-1,0,4,2,2,0,4
1786167007029067008,start,0,75,1,0,1,0,5,2,3,0,5
1786167007521195776,start,0,66,1,1,0,0,6,3,3,0,6
1786167009200588288,end,0,64,-1,-1,0,0,5,2,3,0,5
1786167009706050560,end,0,65,-1,0,-1,0,4,2,2,0,4
1786167010118167296,end,0,66,-1,-1,0,0,3,1,2,0,3
1786167010256346112,start,0,69,1,0,1,0,4,1,3,0,4
1786167010512430336,start,0,70,1,1,0,0,5,2,3,0,5
1786167011824093696,start,0,68,1,1,0,0,6,3,3,0,6
1786167012838933248,end,0,67,-1,0,-1,0,5,3,2,0,5
1786167013851939328,end,0,68,-1,-1,0,0,4,2,2,0,4
1786167014534870784,end,0,69,-1,0,-1,0,3,2,1,0,3
1786167015600832256,start,0,71,1,1,0,0,4,3,1,0,4
1786167016444409088,start,0,72,1,0,1,0,5,3,2,0,5
1786167016836678656,end,0,70,-1,-1,0,0,4,2,2,0,4
1786167017800596736,start,0,74,1,0,1,0,5,2,3,0,5
1786167018130632704,start,0,87,1,1,0,0,6,3,3,0,6
1786167019344317440,end,0,71,-1,-1,0,0,5,2,3,0,5
1786167020132395008,end,0,72,-1,0,-1,0,4,2,2,0,4
1786167020722587904,start,0,77,1,0,1,0,5,2,3,0,5
1786167021060704000,start,0,73,1,1,0,0,6,3,3,0,6
1786167026471657984,end,0,73,-1,-1,0,0,5,2,3,0,5
1786167026740523520,end,0,74,-1,0,-1,0,4,2,2,0,4
1786167028245486848,start,0,96,1,1,0,0,5,3,2,0,5
1786167029017429760,start,0,78,1,1,0,0,6,4,2,0,6
1786167029946902528,start,0,79,1,1,0,0,7,5,2,0,7
1786167029984762112,start,0,76,1,0,1,0,8,5,3,0,8
1786167037822985984,end,0,75,-1,0,-1,0,7,5,2,0,7
1786167039054285824,end,0,76,-1,0,-1,0,6,5,1,0,6
1786167040311475456,start,0,80,1,0,1,0,7,5,2,0,7
1786167041653082368,start,0,82,1,0,1,0,8,5,3,0,8
1786167041758045440,end,0,77,-1,0,-1,0,7,5,2,0,7
1786167054537916672,end,0,78,-1,-1,0,0,6,4,2,0,6
1786167054538295296,end,0,79,-1,-1,0,0,5,3,2,0,5
1786167058540551168,start,0,81,1,1,0,0,6,4,2,0,6
1786167058794680064,end,0,80,-1,0,-1,0,5,4,1,0,5
1786167059507861760,start,0,89,1,0,1,0,6,4,2,0,6
1786167060333074432,end,0,81,-1,-1,0,0,5,3,2,0,5
1786167062205049856,start,0,84,1,0,1,0,6,3,3,0,6
1786167063717637888,end,0,82,-1,0,-1,0,5,3,2,0,5
1786167065522389248,end,0,83,-1,-1,0,0,4,2,2,0,4
1786167065743230720,end,0,84,-1,0,-1,0,3,2,1,0,3
1786167066320239616,start,0,86,1,0,1,0,4,2,2,0,4
1786167066420828416,start,0,85,1,0,1,0,5,2,3,0,5
1786167067445746432,start,0,88,1,1,0,0,6,3,3,0,6
1786167069580663040,end,0,85,-1,0,-1,0,5,3,2,0,5
1786167070308844032,start,0,93,1,0,1,0,6,3,3,0,6
1786167071938326016,end,0,86,-1,0,-1,0,5,3,2,0,5
1786167074290409984,start,0,90,1,0,1,0,6,3,3,0,6
1786167074612637952,end,0,87,-1,-1,0,0,5,2,3,0,5
1786167076330058752,start,0,95,1,1,0,0,6,3,3,0,6
1786167077315246080,end,0,88,-1,-1,0,0,5,2,3,0,5
1786167077515721216,end,0,89,-1,0,-1,0,4,2,2,0,4
1786167078319681536,end,0,90,-1,0,-1,0,3,2,1,0,3
1786167078731247616,start,0,91,1,0,1,0,4,2,2,0,4
1786167079206960640,start,0,122,1,1,0,0,5,3,2,0,5
1786167080898908672,start,0,92,1,0,1,0,6,3,3,0,6
1786167082358962176,end,0,91,-1,0,-1,0,5,3,2,0,5
1786167084355420928,start,0,94,1,1,0,0,6,4,2,0,6
1786167084715748608,end,0,92,-1,0,-1,0,5,4,1,0,5
1786167084813760512,end,0,93,-1,0,-1,0,4,4,0,0,4
1786167087225200128,start,0,102,1,0,1,0,5,4,1,0,5
1786167088246480384,end,0,94,-1,-1,0,0,4,3,1,0,4
1786167092470051840,end,0,95,-1,-1,0,0,3,2,1,0,3
1786167093810227456,start,0,99,1,1,0,0,4,3,1,0,4
1786167095387981312,end,0,96,-1,-1,0,0,3,2,1,0,3
1786167095735474944,start,0,97,1,1,0,0,4,3,1,0,4
1786167097535405568,start,0,98,1,1,0,0,5,4,1,0,5
1786167098043851776,end,0,97,-1,-1,0,0,4,3,1,0,4
1786167099091223552,start,0,103,1,1,0,0,5,4,1,0,5
1786167101241169408,start,0,100,1,0,1,0,6,4,2,0,6
1786167101950741248,start,0,101,1,1,0,0,7,5,2,0,7
1786167104290650624,end,0,98,-1,-1,0,0,6,4,2,0,6
1786167106019849984,start,0,106,1,1,0,0,7,5,2,0,7
1786167108116676352,end,0,99,-1,-1,0,0,6,4,2,0,6
1786167109416434432,start,0,105,1,1,0,0,7,5,2,0,7
1786167111935144448,end,0,100,-1,0,-1,0,6,5,1,0,6
1786167112679263232,start,0,104,1,0,1,0,7,5,2,0,7
1786167113593927168,end,0,101,-1,-1,0,0,6,4,2,0,6
1786167114204771328,end,0,102,-1,0,-1,0,5,4,1,0,5
1786167115099446272,end,0,103,-1,-1,0,0,4,3,1,0,4
1786167115757199360,end,0,104,-1,0,-1,0,3,3,0,0,3
1786167117062723328,end,0,105,-1,-1,0,0,2,2,0,0,2
1786167117636604416,start,0,116,1,0,1,0,3,2,1,0,3
1786167118382315520,start,0,126,1,1,0,0,4,3,1,0,4
1786167124990118912,end,0,106,-1,-1,0,0,3,2,1,0,3
1786167126880915200,start,0,107,1,1,0,0,4,3,1,0,4
1786167127647954176,start,0,108,1,0,1,0,5,3,2,0,5
1786167130191336704,end,0,107,-1,-1,0,0,4,2,2,0,4
1786167130507465728,end,0,108,-1,0,-1,0,3,2,1,0,3
1786167130910224896,start,0,109,1,0,1,0,4,2,2,0,4
1786167132106540032,start,0,111,1,1,0,0,5,3,2,0,5
1786167133245014528,end,0,109,-1,0,-1,0,4,3,1,0,4
1786167133587524608,start,0,110,1,0,1,0,5,3,2,0,5
1786167137031715840,end,0,110,-1,0,-1,0,4,3,1,0,4
1786167137367448064,start,0,112,1,0,1,0,5,3,2,0,5
1786167138565037568,start,0,113,1,1,0,0,6,4,2,0,6
1786167139147501824,end,0,111,-1,-1,0,0,5,3,2,0,5
1786167139791062016,end,0,112,-1,0,-1,0,4,3,1,0,4
1786167140198764800,start,0,114,1,0,1,0,5,3,2,0,5
1786167140783503872,end,0,113,-1,-1,0,0,4,2,2,0,4
1786167140965345280,start,0,115,1,1,0,0,5,3,2,0,5
1786167142725115136,end,0,114,-1,0,-1,0,4,3,1,0,4
1786167143222378240,end,0,115,-1,-1,0,0,3,2,1,0,3
1786167143324477696,start,0,125,1,0,1,0,4,2,2,0,4
1786167145000663552,start,0,127,1,1,0,0,5,3,2,0,5
1786167176360915712,end,0,116,-1,0,-1,0,4,3,1,0,4
1786167179462987776,start,0,118,1,0,1,0,5,3,2,0,5
1786167182073964800,start,0,117,1,1,0,0,6,4,2,0,6
1786167202153100288,end,0,117,-1,-1,0,0,5,3,2,0,5
1786167221064050176,end,0,118,-1,0,-1,0,4,3,1,0,4
1786167224125088256,start,0,121,1,0,1,0,5,3,2,0,5
1786167244938070784,start,0,119,1,1,0,0,6,4,2,0,6
1786167247116087040,end,0,119,-1,-1,0,0,5,3,2,0,5
1786167256369436928,start,0,120,1,1,0,0,6,4,2,0,6
1786167261666993408,end,0,120,-1,-1,0,0,5,3,2,0,5
1786167262329218304,start,0,135,1,1,0,0,6,4,2,0,6
1786167287149455616,end,0,121,-1,0,-1,0,5,4,1,0,5
1786167288243854336,start,0,123,1,0,1,0,6,4,2,0,6
1786167288758593536,start,0,124,1,1,0,0,7,5,2,0,7
1786167289291367424,end,0,122,-1,-1,0,0,6,4,2,0,6
1786167290635533568,end,0,123,-1,0,-1,0,5,4,1,0,5
1786167290974193920,end,0,124,-1,-1,0,0,4,3,1,0,4
1786167291448490752,start,0,130,1,1,0,0,5,4,1,0,5
1786167292100824320,end,0,125,-1,0,-1,0,4,4,0,0,4
1786167292544264192,end,0,126,-1,-1,0,0,3,3,0,0,3
1786167292758704128,start,0,128,1,0,1,0,4,3,1,0,4
1786167293828986368,start,0,137,1,1,0,0,5,4,1,0,5
1786167295149022976,end,0,127,-1,-1,0,0,4,3,1,0,4
1786167297023507968,start,0,143,1,0,1,0,5,3,2,0,5
1786167297065044736,start,0,129,1,1,0,0,6,4,2,0,6
1786167301033817088,end,0,128,-1,0,-1,0,5,4,1,0,5
1786167301526313984,end,0,129,-1,-1,0,0,4,3,1,0,4
1786167301690412288,start,0,131,1,0,1,0,5,3,2,0,5
1786167302775722752,end,0,130,-1,-1,0,0,4,2,2,0,4
1786167303401720576,end,0,131,-1,0,-1,0,3,2,1,0,3
1786167303430256896,start,0,133,1,1,0,0,4,3,1,0,4
1786167304045638400,start,0,132,1,0,1,0,5,3,2,0,5
1786167305425181440,start,0,139,1,1,0,0,6,4,2,0,6
1786167305745338112,end,0,132,-1,0,-1,0,5,4,1,0,5
1786167306002298880,end,0,133,-1,-1,0,0,4,3,1,0,4
1786167306392145920,start,0,134,1,0,1,0,5,3,2,0,5
1786167307852327680,start,0,138,1,1,0,0,6,4,2,0,6
1786167307962981376,end,0,134,-1,0,-1,0,5,4,1,0,5
1786167308631032576,start,0,136,1,0,1,0,6,4,2,0,6
1786167309056274432,end,0,135,-1,-1,0,0,5,3,2,0,5
1786167309729740544,start,0,154,1,1,0,0,6,4,2,0,6
1786167310809508096,start,0,148,1,1,0,0,7,5,2,0,7
1786167311150300160,end,0,136,-1,0,-1,0,6,5,1,0,6
1786167311652492800,end,0,137,-1,-1,0,0,5,4,1,0,5
1786167311830895360,start,0,140,1,0,1,0,6,4,2,0,6
1786167311981814272,end,0,138,-1,-1,0,0,5,3,2,0,5
1786167312835715840,end,0,139,-1,-1,0,0,4,2,2,0,4
1786167312982482176,start,0,165,1,1,0,0,5,3,2,0,5
1786167313673491968,end,0,140,-1,0,-1,0,4,3,1,0,4
1786167314408070400,start,0,141,1,0,1,0,5,3,2,0,5
1786167314801414656,start,0,142,1,1,0,0,6,4,2,0,6
1786167315340339200,start,0,158,1,1,0,0,7,5,2,0,7
1786167316455525888,end,0,141,-1,0,-1,0,6,5,1,0,6
1786167317147089408,start,0,144,1,0,1,0,7,5,2,0,7
1786167317549204736,end,0,142,-1,-1,0,0,6,4,2,0,6
1786167319071091200,end,0,143,-1,0,-1,0,5,4,1,0,5
1786167319164896512,end,0,144,-1,0,-1,0,4,4,0,0,4
1786167319498787072,start,0,146,1,1,0,0,5,5,0,0,5
1786167319882825984,start,0,145,1,0,1,0,6,5,1,0,6
1786167320224631040,start,0,162,1,0,1,0,7,5,2,0,7
1786167322910700544,end,0,145,-1,0,-1,0,6,5,1,0,6
1786167322999230976,end,0,146,-1,-1,0,0,5,4,1,0,5
1786167323598262528,start,0,147,1,0,1,0,6,4,2,0,6
1786167325667126528,start,0,149,1,1,0,0,7,5,2,0,7
1786167325699527680,end,0,147,-1,0,-1,0,6,5,1,0,6
1786167326429029376,end,0,148,-1,-1,0,0,5,4,1,0,5
1786167326439717632,start,0,150,1,0,1,0,6,4,2,0,6
1786167328432274944,end,0,149,-1,-1,0,0,5,3,2,0,5
1786167328458451200,end,0,150,-1,0,-1,0,4,3,1,0,4
1786167329157642496,start,0,151,1,0,1,0,5,3,2,0,5
1786167331031171328,start,0,155,1,1,0,0,6,4,2,0,6
1786167331049185024,start,0,160,1,1,0,0,7,5,2,0,7
1786167331157950976,end,0,151,-1,0,-1,0,6,5,1,0,6
1786167331900287744,start,0,152,1,0,1,0,7,5,2,0,7
1786167333593965056,end,0,152,-1,0,-1,0,6,5,1,0,6
1786167334397421568,start,0,153,1,0,1,0,7,5,2,0,7
1786167336474904832,end,0,153,-1,0,-1,0,6,5,1,0,6
1786167337379218176,start,0,156,1,0,1,0,7,5,2,0,7
1786167337592056832,end,0,154,-1,-1,0,0,6,4,2,0,6
1786167338770788096,end,0,155,-1,-1,0,0,5,3,2,0,5
1786167339477798912,end,0,156,-1,0,-1,0,4,3,1,0,4
1786167340265172224,start,0,157,1,0,1,0,5,3,2,0,5
1786167340971205376,start,0,163,1,1,0,0,6,4,2,0,6
1786167341872925696,end,0,157,-1,0,-1,0,5,4,1,0,5
1786167342662987776,start,0,159,1,0,1,0,6,4,2,0,6
1786167343138191104,end,0,158,-1,-1,0,0,5,3,2,0,5
1786167344274995712,end,0,159,-1,0,-1,0,4,3,1,0,4
1786167345096682240,start,0,161,1,0,1,0,5,3,2,0,5
1786167346055683584,start,0,170,1,1,0,0,6,4,2,0,6
1786167347150091520,end,0,160,-1,-1,0,0,5,3,2,0,5
1786167348117043968,end,0,161,-1,0,-1,0,4,3,1,0,4
1786167348447143680,end,0,162,-1,0,-1,0,3,3,0,0,3
1786167349017006592,start,0,164,1,0,1,0,4,3,1,0,4
1786167350723270144,end,0,163,-1,-1,0,0,3,2,1,0,3
1786167351235883520,end,0,164,-1,0,-1,0,2,2,0,0,2
1786167352074532864,start,0,166,1,0,1,0,3,2,1,0,3
1786167352110842112,start,0,174,1,0,1,0,4,2,2,0,4
1786167352585092352,start,0,167,1,1,0,0,5,3,2,0,5
1786167353805170688,end,0,165,-1,-1,0,0,4,2,2,0,4
1786167354066014976,end,0,166,-1,0,-1,0,3,2,1,0,3
1786167355011412736,start,0,171,1,0,1,0,4,2,2,0,4
1786167355433753600,start,0,168,1,1,0,0,5,3,2,0,5
1786167356514119680,end,0,167,-1,-1,0,0,4,2,2,0,4
1786167358389344768,start,0,169,1,1,0,0,5,3,2,0,5
1786167359318615552,end,0,168,-1,-1,0,0,4,2,2,0,4
1786167360338049280,start,0,176,1,1,0,0,5,3,2,0,5
1786167360733437696,start,0,173,1,1,0,0,6,4,2,0,6
1786167361239525888,end,0,169,-1,-1,0,0,5,3,2,0,5
1786167361752643328,end,0,170,-1,-1,0,0,4,2,2,0,4
1786167363122725376,start,0,178,1,1,0,0,5,3,2,0,5
1786167363918814464,end,0,171,-1,0,-1,0,4,3,1,0,4
1786167363922465536,start,0,172,1,1,0,0,5,4,1,0,5
1786167364860618752,start,0,177,1,0,1,0,6,4,2,0,6
1786167367071207424,end,0,172,-1,-1,0,0,5,3,2,0,5
1786167369488499456,start,0,184,1,1,0,0,6,4,2,0,6
1786167371592356608,end,0,173,-1,-1,0,0,5,3,2,0,5
1786167372210017280,end,0,174,-1,0,-1,0,4,3,1,0,4
1786167373002940416,start,0,182,1,1,0,0,5,4,1,0,5
1786167373390086656,start,0,175,1,0,1,0,6,4,2,0,6
1786167375421578496,end,0,175,-1,0,-1,0,5,4,1,0,5
1786167379632206336,end,0,176,-1,-1,0,0,4,3,1,0,4
1786167379656646656,start,0,179,1,0,1,0,5,3,2,0,5
1786167380849196032,end,0,177,-1,0,-1,0,4,3,1,0,4
1786167381811961856,start,0,181,1,0,1,0,5,3,2,0,5
1786167382028119296,end,0,178,-1,-1,0,0,4,2,2,0,4
1786167383912735744,start,0,183,1,1,0,0,5,3,2,0,5
1786167383978217728,start,0,180,1,1,0,0,6,4,2,0,6
1786167385330648320,end,0,179,-1,0,-1,0,5,4,1,0,5
1786167388048030464,start,0,191,1,0,1,0,6,4,2,0,6
1786167392296751104,start,0,185,1,1,0,0,7,5,2,0,7
1786167392375781376,end,0,180,-1,-1,0,0,6,4,2,0,6
1786167393307298048,end,0,181,-1,0,-1,0,5,4,1,0,5
1786167393891709696,end,0,182,-1,-1,0,0,4,3,1,0,4
1786167394170419200,end,0,183,-1,-1,0,0,3,2,1,0,3
1786167394399584256,start,0,186,1,0,1,0,4,2,2,0,4
1786167396076267520,end,0,184,-1,-1,0,0,3,1,2,0,3
1786167397057172992,start,0,187,1,1,0,0,4,2,2,0,4
1786167398256006400,start,0,188,1,1,0,0,5,3,2,0,5
1786167398768998656,end,0,185,-1,-1,0,0,4,2,2,0,4
1786167399963619072,end,0,186,-1,0,-1,0,3,2,1,0,3
1786167399993896704,end,0,187,-1,-1,0,0,2,1,1,0,2
1786167400435706880,end,0,188,-1,-1,0,0,1,0,1,0,1
1786167401057790464,start,0,189,1,0,1,0,2,0,2,0,2
1786167402576626176,start,0,195,1,1,0,0,3,1,2,0,3
1786167402744054016,start,0,192,1,1,0,0,4,2,2,0,4
1786167402870366208,end,0,189,-1,0,-1,0,3,2,1,0,3
1786167403949531136,start,0,190,1,0,1,0,4,2,2,0,4
1786167406105891072,end,0,190,-1,0,-1,0,3,2,1,0,3
1786167406204340480,end,0,191,-1,0,-1,0,2,2,0,0,2
1786167407052880128,start,0,194,1,0,1,0,3,2,1,0,3
1786167407392515072,start,0,193,1,0,1,0,4,2,2,0,4
1786167409111866112,end,0,192,-1,-1,0,0,3,1,2,0,3
1786167409647024640,end,0,193,-1,0,-1,0,2,1,1,0,2
1786167409714033920,end,0,194,-1,0,-1,0,1,1,0,0,1
1786167410746955520,start,0,206,1,0,1,0,2,1,1,0,2
1786167411849480192,start,0,196,1,1,0,0,3,2,1,0,3
1786167412241071104,start,0,198,1,0,1,0,4,2,2,0,4
1786167415844739328,end,0,195,-1,-1,0,0,3,1,2,0,3
1786167417119762688,end,0,196,-1,-1,0,0,2,0,2,0,2
1786167419973096704,start,0,197,1,1,0,0,3,1,2,0,3
1786167422868030976,end,0,197,-1,-1,0,0,2,0,2,0,2
1786167423030259968,end,0,198,-1,0,-1,0,1,0,1,0,1
1786167424272496896,start,0,199,1,0,1,0,2,0,2,0,2
1786167425429103616,start,0,200,1,1,0,0,3,1,2,0,3
1786167429724805632,end,0,199,-1,0,-1,0,2,1,1,0,2
1786167430351362816,end,0,200,-1,-1,0,0,1,0,1,0,1
1786167437386586880,start,0,202,1,0,1,0,2,0,2,0,2
1786167438174168832,start,0,201,1,1,0,0,3,1,2,0,3
1786167440978669056,end,0,201,-1,-1,0,0,2,0,2,0,2
1786167443391970048,start,0,203,1,1,0,0,3,1,2,0,3
1786167444970437120,end,0,202,-1,0,-1,0,2,1,1,0,2
1786167446205613056,start,0,204,1,0,1,0,3,1,2,0,3
1786167446710742528,end,0,203,-1,-1,0,0,2,0,2,0,2
1786167448427101440,end,0,204,-1,0,-1,0,1,0,1,0,1
1786167452432679424,start,0,205,1,0,1,0,2,0,2,0,2
1786167455042198784,end,0,205,-1,0,-1,0,1,0,1,0,1
1786167455380265984,start,0,207,1,1,0,0,2,1,1,0,2
1786167455572672000,end,0,206,-1,0,-1,0,1,1,0,0,1
1786167456333714688,start,0,208,1,0,1,0,2,1,1,0,2
1786167456619963392,start,0,212,1,0,1,0,3,1,2,0,3
1786167463141497856,start,0,209,1,1,0,0,4,2,2,0,4
1786167469878545664,end,0,207,-1,-1,0,0,3,1,2,0,3
1786167471695316736,end,0,208,-1,0,-1,0,2,1,1,0,2
1786167471846235136,start,0,211,1,1,0,0,3,2,1,0,3
1786167472832325632,end,0,209,-1,-1,0,0,2,1,1,0,2
1786167472962942464,start,0,210,1,0,1,0,3,1,2,0,3
1786167473751887360,start,0,214,1,1,0,0,4,2,2,0,4
1786167473831248896,end,0,210,-1,0,-1,0,3,2,1,0,3
1786167474459382528,end,0,211,-1,-1,0,0,2,1,1,0,2
1786167476727272192,start,0,213,1,1,0,0,3,2,1,0,3
1786167479810827520,end,0,212,-1,0,-1,0,2,2,0,0,2
1786167485625005312,end,0,213,-1,-1,0,0,1,1,0,0,1
1786167486308643072,end,0,214,-1,-1,0,0,0,0,0,0,0
1786167487143025152,start,0,215,1,1,0,0,1,1,0,0,1
1786167487660834304,start,0,217,1,1,0,0,2,2,0,0,2
1786167492192339712,end,0,215,-1,-1,0,0,1,1,0,0,1
1786167495337175552,start,0,219,1,1,0,0,2,2,0,0,2
1786167495819776000,start,0,216,1,1,0,0,3,3,0,0,3
1786167497962223872,end,0,216,-1,-1,0,0,2,2,0,0,2
1786167498569441280,end,0,217,-1,-1,0,0,1,1,0,0,1
1786167500595537152,start,0,218,1,1,0,0,2,2,0,0,2
1786167503030833408,end,0,218,-1,-1,0,0,1,1,0,0,1
1786167504981277952,end,0,219,-1,-1,0,0,0,0,0,0,0
1786167505066945536,start,0,220,1,1,0,0,1,1,0,0,1
1786167505868628224,start,0,223,1,1,0,0,2,2,0,0,2
1786167509005412096,end,0,220,-1,-1,0,0,1,1,0,0,1
1786167511042195968,start,0,221,1,1,0,0,2,2,0,0,2
1786167513139061248,end,0,221,-1,-1,0,0,1,1,0,0,1
1786167515305503232,start,0,222,1,1,0,0,2,2,0,0,2
1786167517534825216,end,0,222,-1,-1,0,0,1,1,0,0,1
1786167519505051136,start,0,224,1,1,0,0,2,2,0,0,2
1786167527291968000,end,0,223,-1,-1,0,0,1,1,0,0,1
1786167528255786496,start,0,225,1,1,0,0,2,2,0,0,2
1786167529116009472,end,0,224,-1,-1,0,0,1,1,0,0,1
1786167530697153792,end,0,225,-1,-1,0,0,0,0,0,0,0
1786167531184493056,start,0,226,1,1,0,0,1,1,0,0,1
1786167536967464448,end,0,226,-1,-1,0,0,0,0,0,0,0
1786167539001239552,start,0,227,1,1,0,0,1,1,0,0,1
1786167541094821120,end,0,227,-1,-1,0,0,0,0,0,0,0
1786167541637191424,start,0,232,1,1,0,0,1,1,0,0,1
1786167543151741440,start,0,228,1,1,0,0,2,2,0,0,2
1786167545236802304,end,0,228,-1,-1,0,0,1,1,0,0,1
1786167547343948800,start,0,229,1,1,0,0,2,2,0,0,2
1786167549462500352,end,0,229,-1,-1,0,0,1,1,0,0,1
1786167551507539968,start,0,230,1,1,0,0,2,2,0,0,2
1786167554154981376,end,0,230,-1,-1,0,0,1,1,0,0,1
1786167556299936000,start,0,231,1,1,0,0,2,2,0,0,2
1786167558814931968,end,0,231,-1,-1,0,0,1,1,0,0,1
1786167558871025920,end,0,232,-1,-1,0,0,0,0,0,0,0
1786167559325856512,start,0,235,1,1,0,0,1,1,0,0,1
1786167560968498176,start,0,233,1,1,0,0,2,2,0,0,2
1786167563006712320,end,0,233,-1,-1,0,0,1,1,0,0,1
1786167563156223744,start,0,234,1,1,0,0,2,2,0,0,2
1786167565103312128,start,0,237,1,1,0,0,3,3,0,0,3
1786167565344785408,end,0,234,-1,-1,0,0,2,2,0,0,2
1786167575564153088,start,0,236,1,1,0,0,3,3,0,0,3
1786167586064826624,end,0,235,-1,-1,0,0,2,2,0,0,2
1786167590807661312,end,0,236,-1,-1,0,0,1,1,0,0,1
1786167591429476096,end,0,237,-1,-1,0,0,0,0,0,0,0
1786167593486327040,start,0,238,1,1,0,0,1,1,0,0,1
1786167595463009280,start,0,240,1,1,0,0,2,2,0,0,2
1786167596856550144,end,0,238,-1,-1,0,0,1,1,0,0,1
1786167598700008704,start,0,242,1,1,0,0,2,2,0,0,2
1786167599133073920,start,0,239,1,1,0,0,3,3,0,0,3
1786167601050495744,end,0,239,-1,-1,0,0,2,2,0,0,2
1786167602323846400,end,0,240,-1,-1,0,0,1,1,0,0,1
1786167603232715264,start,0,241,1,1,0,0,2,2,0,0,2
1786167603235428096,start,0,243,1,1,0,0,3,3,0,0,3
1786167604674677504,start,0,244,1,1,0,0,4,4,0,0,4
1786167606500067840,end,0,241,-1,-1,0,0,3,3,0,0,3
1786167608465323776,end,0,242,-1,-1,0,0,2,2,0,0,2
1786167608748454656,start,0,245,1,1,0,0,3,3,0,0,3
1786167620245859328,end,0,243,-1,-1,0,0,2,2,0,0,2
1786167620332344064,end,0,244,-1,-1,0,0,1,1,0,0,1
1786167622217358336,end,0,245,-1,-1,0,0,0,0,0,0,0
1786167622368890880,start,0,248,1,1,0,0,1,1,0,0,1
1786167624333615104,start,0,247,1,1,0,0,2,2,0,0,2
1786167624431610624,start,0,246,1,1,0,0,3,3,0,0,3
1786167625602361600,start,0,249,1,1,0,0,4,4,0,0,4
1786167626701545984,end,0,246,-1,-1,0,0,3,3,0,0,3
1786167627508905984,end,0,247,-1,-1,0,0,2,2,0,0,2
1786167629827767040,start,0,250,1,1,0,0,3,3,0,0,3
1786167640418863104,end,0,248,-1,-1,0,0,2,2,0,0,2
1786167641451647744,end,0,249,-1,-1,0,0,1,1,0,0,1
1786167642643756032,start,0,256,1,1,0,0,2,2,0,0,2
1786167643084056576,end,0,250,-1,-1,0,0,1,1,0,0,1
1786167645239682304,start,0,251,1,1,0,0,2,2,0,0,2
1786167650316332032,end,0,251,-1,-1,0,0,1,1,0,0,1
1786167652550754560,start,0,253,1,1,0,0,2,2,0,0,2
1786167654981182976,start,0,252,1,1,0,0,3,3,0,0,3
1786167656932683520,end,0,252,-1,-1,0,0,2,2,0,0,2
1786167662527438336,start,0,255,1,1,0,0,3,3,0,0,3
1786167664603346688,start,0,254,1,1,0,0,4,4,0,0,4
1786167664962960640,end,0,253,-1,-1,0,0,3,3,0,0,3
1786167667246765056,start,0,257,1,1,0,0,4,4,0,0,4
1786167680355510528,end,0,254,-1,-1,0,0,3,3,0,0,3
1786167680389296384,end,0,255,-1,-1,0,0,2,2,0,0,2
1786167681355541760,end,0,256,-1,-1,0,0,1,1,0,0,1
1786167682358533888,start,0,258,1,1,0,0,2,2,0,0,2
1786167682724632064,end,0,257,-1,-1,0,0,1,1,0,0,1
1786167683621853184,end,0,258,-1,-1,0,0,0,0,0,0,0
1786167685052452352,start,0,259,1,1,0,0,1,1,0,0,1
1786167687761166848,end,0,259,-1,-1,0,0,0,0,0,0,0
1786167689955741440,start,0,260,1,1,0,0,1,1,0,0,1
1786167697095636224,end,0,260,-1,-1,0,0,0,0,0,0,0
1786167699602179328,start,0,261,1,1,0,0,1,1,0,0,1
1786167702959449088,end,0,261,-1,-1,0,0,0,0,0,0,0
1786167705580713472,start,0,262,1,1,0,0,1,1,0,0,1
1786167708824312320,end,0,262,-1,-1,0,0,0,0,0,0,0
1786167709823397632,start,0,263,1,1,0,0,1,1,0,0,1
1786167713791004672,end,0,263,-1,-1,0,0,0,0,0,0,0
1786167718889443072,start,0,264,1,1,0,0,1,1,0,0,1
1786167721016410624,end,0,264,-1,-1,0,0,0,0,0,0,0
1786167721056401408,start,0,265,1,1,0,0,1,1,0,0,1
1786167724561495296,end,0,265,-1,-1,0,0,0,0,0,0,0
1786167731650963968,start,0,266,1,1,0,0,1,1,0,0,1
1786167744300954112,end,0,266,-1,-1,0,0,0,0,0,0,0
1786167745520125696,start,0,267,1,1,0,0,1,1,0,0,1
1786167748380850944,start,0,268,1,1,0,0,2,2,0,0,2
1786167752769363456,end,0,267,-1,-1,0,0,1,1,0,0,1
1786167753857972736,start,0,269,1,1,0,0,2,2,0,0,2
1786167754377329408,end,0,268,-1,-1,0,0,1,1,0,0,1
1786167756663304960,start,0,270,1,1,0,0,2,2,0,0,2
1786167759083360768,end,0,269,-1,-1,0,0,1,1,0,0,1
1786167759146926336,end,0,270,-1,-1,0,0,0,0,0,0,0
1786167760170745856,start,0,271,1,1,0,0,1,1,0,0,1
1786167761365118208,start,0,272,1,1,0,0,2,2,0,0,2
1786167779813893632,start,0,273,1,1,0,0,3,3,0,0,3
1786167782619490304,end,0,271,-1,-1,0,0,2,2,0,0,2
1786167787258627840,end,0,272,-1,-1,0,0,1,1,0,0,1
1786167790040044288,end,0,273,-1,-1,0,0,0,0,0,0,0
1786167790725044480,start,0,274,1,1,0,0,1,1,0,0,1
1786167791181278720,start,0,276,1,1,0,0,2,2,0,0,2
1786167792004011776,start,0,275,1,1,0,0,3,3,0,0,3
1786167794486469376,end,0,274,-1,-1,0,0,2,2,0,0,2
1786167795124453632,end,0,275,-1,-1,0,0,1,1,0,0,1
1786167795201785344,start,0,278,1,1,0,0,2,2,0,0,2
1786167796498505984,end,0,276,-1,-1,0,0,1,1,0,0,1
1786167797323250688,start,0,277,1,1,0,0,2,2,0,0,2
1786167798217702656,start,0,279,1,1,0,0,3,3,0,0,3
1786167803084767232,end,0,277,-1,-1,0,0,2,2,0,0,2
1786167803976336384,end,0,278,-1,-1,0,0,1,1,0,0,1
1786167804851969280,start,0,280,1,1,0,0,2,2,0,0,2
1786167805304070912,start,0,287,1,1,0,0,3,3,0,0,3
1786167805920669184,end,0,279,-1,-1,0,0,2,2,0,0,2
1786167807468892416,start,0,281,1,1,0,0,3,3,0,0,3
1786167817045924096,end,0,280,-1,-1,0,0,2,2,0,0,2
1786167818057970176,start,0,285,1,1,0,0,3,3,0,0,3
1786167820347216384,end,0,281,-1,-1,0,0,2,2,0,0,2
1786167821545656320,start,0,282,1,1,0,0,3,3,0,0,3
1786167821923236608,start,0,292,1,1,0,0,4,4,0,0,4
1786167823738111744,end,0,282,-1,-1,0,0,3,3,0,0,3
1786167826889670400,start,0,283,1,1,0,0,4,4,0,0,4
1786167842679757824,end,0,283,-1,-1,0,0,3,3,0,0,3
1786167842762328832,start,0,284,1,1,0,0,4,4,0,0,4
1786167843399050240,end,0,284,-1,-1,0,0,3,3,0,0,3
1786167843400679168,start,0,286,1,1,0,0,4,4,0,0,4
1786167843748085248,end,0,285,-1,-1,0,0,3,3,0,0,3
1786167844825515776,start,0,290,1,1,0,0,4,4,0,0,4
1786167854414826496,end,0,286,-1,-1,0,0,3,3,0,0,3
1786167855097728768,start,0,289,1,1,0,0,4,4,0,0,4
1786167863915033088,end,0,287,-1,-1,0,0,3,3,0,0,3
1786167864527592448,start,0,288,1,1,0,0,4,4,0,0,4
1786167866593392128,start,0,291,1,1,0,0,5,5,0,0,5
1786167866665859840,end,0,288,-1,-1,0,0,4,4,0,0,4
1786167873670863616,end,0,289,-1,-1,0,0,3,3,0,0,3
1786167878169870592,end,0,290,-1,-1,0,0,2,2,0,0,2
1786167878580283904,start,0,294,1,1,0,0,3,3,0,0,3
1786167879071274496,end,0,291,-1,-1,0,0,2,2,0,0,2
1786167879330091264,start,0,293,1,1,0,0,3,3,0,0,3
1786167880687046400,start,0,295,1,1,0,0,4,4,0,0,4
1786167883310824192,end,0,292,-1,-1,0,0,3,3,0,0,3
1786167884350985984,end,0,293,-1,-1,0,0,2,2,0,0,2
1786167885096338176,start,0,296,1,1,0,0,3,3,0,0,3
1786167885468264192,start,0,298,1,1,0,0,4,4,0,0,4
1786167888172463872,end,0,294,-1,-1,0,0,3,3,0,0,3
1786167890807051520,start,0,309,1,1,0,0,4,4,0,0,4
1786167890811646464,start,0,297,1,1,0,0,5,5,0,0,5
1786167890818938112,end,0,295,-1,-1,0,0,4,4,0,0,4
1786167891748516864,start,0,305,1,1,0,0,5,5,0,0,5
1786167893995485184,end,0,296,-1,-1,0,0,4,4,0,0,4
1786167895557254912,start,0,299,1,1,0,0,5,5,0,0,5
1786167899859856640,end,0,297,-1,-1,0,0,4,4,0,0,4
1786167899865195008,start,0,300,1,1,0,0,5,5,0,0,5
1786167900387688448,end,0,298,-1,-1,0,0,4,4,0,0,4
1786167901581529600,start,0,302,1,1,0,0,5,5,0,0,5
1786167906428272896,start,0,301,1,1,0,0,6,6,0,0,6
1786167906878481920,end,0,299,-1,-1,0,0,5,5,0,0,5
1786167908468926208,start,0,306,1,1,0,0,6,6,0,0,6
1786167908810529280,end,0,300,-1,-1,0,0,5,5,0,0,5
1786167908812912384,end,0,301,-1,-1,0,0,4,4,0,0,4
1786167910526474496,start,0,303,1,1,0,0,5,5,0,0,5
1786167910610147328,end,0,302,-1,-1,0,0,4,4,0,0,4
1786167911857434112,start,0,304,1,1,0,0,5,5,0,0,5
1786167913379721984,end,0,303,-1,-1,0,0,4,4,0,0,4
1786167914104914432,start,0,313,1,1,0,0,5,5,0,0,5
1786167926186409984,end,0,304,-1,-1,0,0,4,4,0,0,4
1786167927320542208,start,0,307,1,1,0,0,5,5,0,0,5
1786167932335349504,end,0,305,-1,-1,0,0,4,4,0,0,4
1786167933196931328,end,0,306,-1,-1,0,0,3,3,0,0,3
1786167933348410112,start,0,312,1,1,0,0,4,4,0,0,4
1786167933479472896,start,0,311,1,1,0,0,5,5,0,0,5
1786167934667580416,end,0,307,-1,-1,0,0,4,4,0,0,4
1786167935788460032,start,0,308,1,1,0,0,5,5,0,0,5
1786167944276406784,end,0,308,-1,-1,0,0,4,4,0,0,4
1786167944909719296,end,0,309,-1,-1,0,0,3,3,0,0,3
1786167945554145280,start,0,314,1,1,0,0,4,4,0,0,4
1786167946363779072,start,0,310,1,1,0,0,5,5,0,0,5
1786167948196323328,start,0,315,1,1,0,0,6,6,0,0,6
1786167951060102656,end,0,310,-1,-1,0,0,5,5,0,0,5
1786167951598240768,start,0,316,1,1,0,0,6,6,0,0,6
1786167952008313856,end,0,311,-1,-1,0,0,5,5,0,0,5
1786167952611382016,end,0,312,-1,-1,0,0,4,4,0,0,4
1786167953921193216,end,0,313,-1,-1,0,0,3,3,0,0,3
1786167955245419776,end,0,314,-1,-1,0,0,2,2,0,0,2
1786167956357942784,start,0,317,1,1,0,0,3,3,0,0,3
1786167956427874560,start,0,318,1,1,0,0,4,4,0,0,4
1786167969888184832,end,0,315,-1,-1,0,0,3,3,0,0,3
1786167973272093184,end,0,316,-1,-1,0,0,2,2,0,0,2
1786167973874892544,start,0,330,1,1,0,0,3,3,0,0,3
1786167974090735360,end,0,317,-1,-1,0,0,2,2,0,0,2
1786167974946901504,end,0,318,-1,-1,0,0,1,1,0,0,1
1786167975343360768,start,0,319,1,1,0,0,2,2,0,0,2
1786167979016322304,start,0,320,1,1,0,0,3,3,0,0,3
1786167979620868096,end,0,319,-1,-1,0,0,2,2,0,0,2
1786167980732023808,start,0,321,1,1,0,0,3,3,0,0,3
1786167980744149248,end,0,320,-1,-1,0,0,2,2,0,0,2
1786167984695597056,end,0,321,-1,-1,0,0,1,1,0,0,1
1786167984819488768,start,0,322,1,1,0,0,2,2,0,0,2
1786167985801047296,start,0,323,1,1,0,0,3,3,0,0,3
1786167987030070272,end,0,322,-1,-1,0,0,2,2,0,0,2
1786167991330280960,end,0,323,-1,-1,0,0,1,1,0,0,1
1786167992320890112,start,0,324,1,1,0,0,2,2,0,0,2
1786167992535802880,start,0,325,1,1,0,0,3,3,0,0,3
1786167994155443456,end,0,324,-1,-1,0,0,2,2,0,0,2
1786167998418987520,start,0,326,1,1,0,0,3,3,0,0,3
1786167998668268800,end,0,325,-1,-1,0,0,2,2,0,0,2
1786167999874953216,start,0,327,1,1,0,0,3,3,0,0,3
1786168000238676992,end,0,326,-1,-1,0,0,2,2,0,0,2
1786168002970781440,end,0,327,-1,-1,0,0,1,1,0,0,1
1786168004129931776,start,0,328,1,1,0,0,2,2,0,0,2
1786168009252791040,start,0,329,1,1,0,0,3,3,0,0,3
1786168010897248512,end,0,328,-1,-1,0,0,2,2,0,0,2
1786168011432455168,end,0,329,-1,-1,0,0,1,1,0,0,1
1786168012836964096,start,0,331,1,1,0,0,2,2,0,0,2
1786168015141908480,end,0,330,-1,-1,0,0,1,1,0,0,1
1786168017084607488,start,0,333,1,1,0,0,2,2,0,0,2
1786168020782528768,end,0,331,-1,-1,0,0,1,1,0,0,1
1786168022708541184,start,0,332,1,1,0,0,2,2,0,0,2
1786168029910267904,end,0,332,-1,-1,0,0,1,1,0,0,1
1786168029914192384,start,0,334,1,1,0,0,2,2,0,0,2
1786168030519199488,end,0,333,-1,-1,0,0,1,1,0,0,1
1786168031582067712,start,0,342,1,1,0,0,2,2,0,0,2
1786168034533620736,end,0,334,-1,-1,0,0,1,1,0,0,1
1786168035375517952,start,0,335,1,1,0,0,2,2,0,0,2
1786168040000086528,end,0,335,-1,-1,0,0,1,1,0,0,1
1786168041007448320,start,0,336,1,1,0,0,2,2,0,0,2
1786168042517675008,start,0,339,1,1,0,0,3,3,0,0,3
1786168042945233408,end,0,336,-1,-1,0,0,2,2,0,0,2
1786168043653183744,start,0,337,1,1,0,0,3,3,0,0,3
1786168047678719232,end,0,337,-1,-1,0,0,2,2,0,0,2
1786168048504240128,start,0,338,1,1,0,0,3,3,0,0,3
1786168050174257664,start,0,343,1,1,0,0,4,4,0,0,4
1786168051677552640,end,0,338,-1,-1,0,0,3,3,0,0,3
1786168052437248256,start,0,340,1,1,0,0,4,4,0,0,4
1786168054319799808,end,0,339,-1,-1,0,0,3,3,0,0,3
1786168055461796096,start,0,341,1,1,0,0,4,4,0,0,4
1786168058431430400,end,0,340,-1,-1,0,0,3,3,0,0,3
1786168059214856448,end,0,341,-1,-1,0,0,2,2,0,0,2
1786168059251952640,start,0,348,1,1,0,0,3,3,0,0,3
1786168060388039424,start,0,344,1,1,0,0,4,4,0,0,4
1786168062909476096,end,0,342,-1,-1,0,0,3,3,0,0,3
1786168063801522944,start,0,345,1,1,0,0,4,4,0,0,4
1786168074374461184,end,0,343,-1,-1,0,0,3,3,0,0,3
1786168078835975936,end,0,344,-1,-1,0,0,2,2,0,0,2
1786168079928501760,start,0,346,1,1,0,0,3,3,0,0,3
1786168080202992384,end,0,345,-1,-1,0,0,2,2,0,0,2
1786168081326687488,start,0,350,1,1,0,0,3,3,0,0,3
1786168083207594496,end,0,346,-1,-1,0,0,2,2,0,0,2
1786168085164406528,start,0,349,1,1,0,0,3,3,0,0,3
1786168088638080768,start,0,347,1,1,0,0,4,4,0,0,4
1786168094807775488,end,0,347,-1,-1,0,0,3,3,0,0,3
1786168106038228736,end,0,348,-1,-1,0,0,2,2,0,0,2
1786168107464587520,start,0,370,1,1,0,0,3,3,0,0,3
1786168109378104832,end,0,349,-1,-1,0,0,2,2,0,0,2
1786168112525100800,end,0,350,-1,-1,0,0,1,1,0,0,1
1786168112781615616,start,0,351,1,1,0,0,2,2,0,0,2
1786168113845548544,start,0,394,1,1,0,0,3,3,0,0,3
1786168115844200704,end,0,351,-1,-1,0,0,2,2,0,0,2
1786168118646207488,start,0,352,1,1,0,0,3,3,0,0,3
1786168123044094208,end,0,352,-1,-1,0,0,2,2,0,0,2
1786168124215886080,start,0,353,1,1,0,0,3,3,0,0,3
1786168126830161920,start,0,354,1,0,1,0,4,3,1,0,4
1786168127512602880,end,0,353,-1,-1,0,0,3,2,1,0,3
1786168129691997952,end,0,354,-1,0,-1,0,2,2,0,0,2
1786168130365415936,start,0,355,1,0,1,0,3,2,1,0,3
1786168130600788992,start,0,356,1,1,0,0,4,3,1,0,4
1786168134357773568,start,0,357,1,1,0,0,5,4,1,0,5
1786168134571106816,end,0,355,-1,0,-1,0,4,4,0,0,4
1786168135112146688,end,0,356,-1,-1,0,0,3,3,0,0,3
1786168135320967936,start,0,358,1,0,1,0,4,3,1,0,4
1786168136823247616,end,0,357,-1,-1,0,0,3,2,1,0,3
1786168136830004480,start,0,359,1,0,1,0,4,2,2,0,4
1786168137691936256,start,0,360,1,1,0,0,5,3,2,0,5
1786168138343215872,end,0,358,-1,0,-1,0,4,3,1,0,4
1786168139231706624,start,0,362,1,0,1,0,5,3,2,0,5
1786168139514789888,end,0,359,-1,0,-1,0,4,3,1,0,4
1786168140094143488,start,0,361,1,0,1,0,5,3,2,0,5
1786168140739847424,end,0,360,-1,-1,0,0,4,2,2,0,4
1786168142083946496,end,0,361,-1,0,-1,0,3,2,1,0,3
1786168142402353408,end,0,362,-1,0,-1,0,2,2,0,0,2
1786168142752760576,start,0,363,1,0,1,0,3,2,1,0,3
1786168143510487296,start,0,365,1,1,0,0,4,3,1,0,4
1786168143516365312,start,0,364,1,0,1,0,5,3,2,0,5
1786168145909076992,end,0,363,-1,0,-1,0,4,3,1,0,4
1786168146356044544,start,0,366,1,0,1,0,5,3,2,0,5
1786168146462391552,end,0,364,-1,0,-1,0,4,3,1,0,4
1786168146682841856,start,0,367,1,0,1,0,5,3,2,0,5
1786168146997722112,end,0,365,-1,-1,0,0,4,2,2,0,4
1786168147490774528,start,0,368,1,0,1,0,5,2,3,0,5
1786168148499602688,end,0,366,-1,0,-1,0,4,2,2,0,4
1786168149138748672,start,0,369,1,0,1,0,5,2,3,0,5
1786168149214464768,end,0,367,-1,0,-1,0,4,2,2,0,4
1786168150184329984,start,0,371,1,0,1,0,5,2,3,0,5
1786168150538602752,end,0,368,-1,0,-1,0,4,2,2,0,4
1786168151319292416,end,0,369,-1,0,-1,0,3,2,1,0,3
1786168151659898624,end,0,370,-1,-1,0,0,2,1,1,0,2
1786168151725042688,start,0,373,1,0,1,0,3,1,2,0,3
1786168152077411584,start,0,372,1,0,1,0,4,1,3,0,4
1786168153359179520,end,0,371,-1,0,-1,0,3,1,2,0,3
1786168154352782080,start,0,374,1,0,1,0,4,1,3,0,4
1786168154860472832,end,0,372,-1,0,-1,0,3,1,2,0,3
1786168155403269120,end,0,373,-1,0,-1,0,2,1,1,0,2
1786168157393906176,end,0,374,-1,0,-1,0,1,1,0,0,1
1786168157796403456,start,0,375,1,0,1,0,2,1,1,0,2
1786168158395809024,start,0,377,1,0,1,0,3,1,2,0,3
1786168159672117760,start,0,376,1,0,1,0,4,1,3,0,4
1786168161075352064,start,0,378,1,1,0,0,5,2,3,0,5
1786168162871544064,end,0,375,-1,0,-1,0,4,2,2,0,4
1786168162998421248,end,0,376,-1,0,-1,0,3,2,1,0,3
1786168163690841600,end,0,377,-1,0,-1,0,2,2,0,0,2
1786168164192743936,start,0,379,1,0,1,0,3,2,1,0,3
1786168164331244288,start,0,398,1,0,1,0,4,2,2,0,4
1786168164689286144,end,0,378,-1,-1,0,0,3,1,2,0,3
1786168164843596032,start,0,380,1,0,1,0,4,1,3,0,4
1786168167996135680,end,0,379,-1,0,-1,0,3,1,2,0,3
1786168168094538752,end,0,380,-1,0,-1,0,2,1,1,0,2
1786168169146349568,start,0,381,1,0,1,0,3,1,2,0,3
1786168169266350848,start,0,382,1,0,1,0,4,1,3,0,4
1786168172629415424,end,0,381,-1,0,-1,0,3,1,2,0,3
1786168173732194048,end,0,382,-1,0,-1,0,2,1,1,0,2
1786168173819090176,start,0,383,1,0,1,0,3,1,2,0,3
1786168175009843200,start,0,384,1,1,0,0,4,2,2,0,4
1786168175059875840,start,0,385,1,0,1,0,5,2,3,0,5
1786168176993357568,end,0,383,-1,0,-1,0,4,2,2,0,4
1786168177632899840,end,0,384,-1,-1,0,0,3,1,2,0,3
1786168178177189120,start,0,386,1,0,1,0,4,1,3,0,4
1786168178282474240,end,0,385,-1,0,-1,0,3,1,2,0,3
1786168178527840000,start,0,387,1,1,0,0,4,2,2,0,4
1786168179646015488,start,0,388,1,0,1,0,5,2,3,0,5
1786168181525247488,end,0,386,-1,0,-1,0,4,2,2,0,4
1786168182476308992,end,0,387,-1,-1,0,0,3,1,2,0,3
1786168182688887296,start,0,389,1,0,1,0,4,1,3,0,4
1786168183257610496,end,0,388,-1,0,-1,0,3,1,2,0,3
1786168184643276032,start,0,396,1,1,0,0,4,2,2,0,4
1786168184643607040,start,0,390,1,0,1,0,5,2,3,0,5
1786168185809069568,end,0,389,-1,0,-1,0,4,2,2,0,4
1786168186423430400,end,0,390,-1,0,-1,0,3,2,1,0,3
1786168187229602560,start,0,391,1,0,1,0,4,2,2,0,4
1786168190196744704,end,0,391,-1,0,-1,0,3,2,1,0,3
1786168191326805248,start,0,392,1,0,1,0,4,2,2,0,4
1786168191373880064,start,0,401,1,0,1,0,5,2,3,0,5
1786168193711356928,end,0,392,-1,0,-1,0,4,2,2,0,4
1786168195066869248,start,0,393,1,0,1,0,5,2,3,0,5
1786168197204359936,end,0,393,-1,0,-1,0,4,2,2,0,4
1786168198690960384,start,0,395,1,0,1,0,5,2,3,0,5
1786168202073982720,end,0,394,-1,-1,0,0,4,1,3,0,4
1786168202103184128,end,0,395,-1,0,-1,0,3,1,2,0,3
1786168203227912448,start,0,402,1,1,0,0,4,2,2,0,4
1786168203489817088,start,0,397,1,0,1,0,5,2,3,0,5
1786168205554203648,end,0,396,-1,-1,0,0,4,1,3,0,4
1786168206685755904,end,0,397,-1,0,-1,0,3,1,2,0,3
1786168207088642560,end,0,398,-1,0,-1,0,2,1,1,0,2
1786168207738914816,start,0,406,1,1,0,0,3,2,1,0,3
1786168208171875840,start,0,399,1,0,1,0,4,2,2,0,4
1786168208549552896,start,0,400,1,0,1,0,5,2,3,0,5
1786168213218710784,end,0,399,-1,0,-1,0,4,2,2,0,4
1786168213606301952,end,0,400,-1,0,-1,0,3,2,1,0,3
1786168213677355008,end,0,401,-1,0,-1,0,2,2,0,0,2
1786168214789023744,start,0,403,1,0,1,0,3,2,1,0,3
1786168214910397440,start,0,405,1,0,1,0,4,2,2,0,4
1786168214918271232,end,0,402,-1,-1,0,0,3,1,2,0,3
1786168215231983360,start,0,404,1,0,1,0,4,1,3,0,4
1786168215694869504,start,0,407,1,1,0,0,5,2,3,0,5
1786168216326856960,start,0,441,1,1,0,0,6,3,3,0,6
1786168216969482752,end,0,403,-1,0,-1,0,5,3,2,0,5
1786168218369623552,end,0,404,-1,0,-1,0,4,3,1,0,4
1786168218370883072,end,0,405,-1,0,-1,0,3,3,0,0,3
1786168218420628480,start,0,414,1,0,1,0,4,3,1,0,4
1786168219113056768,end,0,406,-1,-1,0,0,3,2,1,0,3
1786168219663269632,start,0,409,1,0,1,0,4,2,2,0,4
1786168219907963648,start,0,447,1,0,1,0,5,2,3,0,5
1786168221670332416,start,0,433,1,1,0,0,6,3,3,0,6
1786168226153587968,start,0,408,1,0,1,0,7,3,4,0,7
1786168232076644352,end,0,407,-1,-1,0,0,6,2,4,0,6
1786168233202339072,start,0,439,1,1,0,0,7,3,4,0,7
1786168233719225856,end,0,408,-1,0,-1,0,6,3,3,0,6
1786168233826956032,start,0,411,1,0,1,0,7,3,4,0,7
1786168234045304576,start,0,413,1,0,1,0,8,3,5,0,8
1786168234243070976,end,0,409,-1,0,-1,0,7,3,4,0,7
1786168235736753408,start,0,410,1,0,1,0,8,3,5,0,8
1786168236863782656,start,0,416,1,0,1,0,9,3,6,0,9
1786168238498853632,end,0,410,-1,0,-1,0,8,3,5,0,8
1786168238930288896,end,0,411,-1,0,-1,0,7,3,4,0,7
1786168240194522624,start,0,415,1,0,1,0,8,3,5,0,8
1786168240437376512,start,0,412,1,0,1,0,9,3,6,0,9
1786168243569955840,start,0,417,1,0,1,0,10,3,7,0,10
1786168244043711488,end,0,412,-1,0,-1,0,9,3,6,0,9
1786168245470087936,end,0,413,-1,0,-1,0,8,3,5,0,8
1786168245524388864,start,0,418,1,0,1,0,9,3,6,0,9
1786168245798881792,start,0,419,1,0,1,0,10,3,7,0,10
1786168246117298432,end,0,414,-1,0,-1,0,9,3,6,0,9
1786168246648875264,end,0,415,-1,0,-1,0,8,3,5,0,8
1786168247397180160,end,0,416,-1,0,-1,0,7,3,4,0,7
1786168248027636224,start,0,420,1,0,1,0,8,3,5,0,8
1786168248794154240,start,0,421,1,0,1,0,9,3,6,0,9
1786168249024698112,end,0,417,-1,0,-1,0,8,3,5,0,8
1786168249554509824,end,0,418,-1,0,-1,0,7,3,4,0,7
1786168250289936896,start,0,422,1,0,1,0,8,3,5,0,8
1786168250776155904,end,0,419,-1,0,-1,0,7,3,4,0,7
1786168251098892544,start,0,423,1,0,1,0,8,3,5,0,8
1786168251237343744,start,0,424,1,0,1,0,9,3,6,0,9
1786168253180820480,end,0,420,-1,0,-1,0,8,3,5,0,8
1786168253518376192,start,0,428,1,0,1,0,9,3,6,0,9
1786168253915124736,end,0,421,-1,0,-1,0,8,3,5,0,8
1786168253923671808,start,0,449,1,1,0,0,9,4,5,0,9
1786168254587616256,end,0,422,-1,0,-1,0,8,4,4,0,8
1786168254905961728,start,0,425,1,0,1,0,9,4,5,0,9
1786168255768327936,end,0,423,-1,0,-1,0,8,4,4,0,8
1786168256751282176,start,0,426,1,0,1,0,9,4,5,0,9
1786168257351819264,start,0,427,1,0,1,0,10,4,6,0,10
1786168260417055232,end,0,424,-1,0,-1,0,9,4,5,0,9
1786168260669918976,end,0,425,-1,0,-1,0,8,4,4,0,8
1786168261038011392,end,0,426,-1,0,-1,0,7,4,3,0,7
1786168261101982464,start,0,429,1,0,1,0,8,4,4,0,8
1786168261162276352,end,0,427,-1,0,-1,0,7,4,3,0,7
1786168261304141056,end,0,428,-1,0,-1,0,6,4,2,0,6
1786168261968428032,start,0,431,1,0,1,0,7,4,3,0,7
1786168262470675456,start,0,432,1,0,1,0,8,4,4,0,8
1786168262703329280,start,0,430,1,0,1,0,9,4,5,0,9
1786168263074705920,start,0,448,1,0,1,0,10,4,6,0,10
1786168264607010048,end,0,429,-1,0,-1,0,9,4,5,0,9
1786168265142050560,start,0,445,1,0,1,0,10,4,6,0,10
1786168266342474752,end,0,430,-1,0,-1,0,9,4,5,0,9
1786168267761263360,end,0,431,-1,0,-1,0,8,4,4,0,8
1786168267938996736,end,0,432,-1,0,-1,0,7,4,3,0,7
1786168268212083968,start,0,434,1,0,1,0,8,4,4,0,8
1786168268241270784,start,0,437,1,0,1,0,9,4,5,0,9
1786168268449477376,start,0,435,1,0,1,0,10,4,6,0,10
1786168269810716160,end,0,433,-1,-1,0,0,9,3,6,0,9
1786168270109400064,start,0,450,1,1,0,0,10,4,6,0,10
1786168271228768256,start,0,443,1,1,0,0,11,5,6,0,11
1786168272693098240,end,0,434,-1,0,-1,0,10,5,5,0,10
1786168274359331840,start,0,436,1,0,1,0,11,5,6,0,11
1786168275574363392,end,0,435,-1,0,-1,0,10,5,5,0,10
1786168276109524224,start,0,455,1,0,1,0,11,5,6,0,11
1786168277883925760,end,0,436,-1,0,-1,0,10,5,5,0,10
1786168277991778560,end,0,437,-1,0,-1,0,9,5,4,0,9
1786168278561260544,start,0,442,1,0,1,0,10,5,5,0,10
1786168279446580480,start,0,438,1,0,1,0,11,5,6,0,11
1786168282241668352,end,0,438,-1,0,-1,0,10,5,5,0,10
1786168283920355072,start,0,440,1,0,1,0,11,5,6,0,11
1786168286053672960,end,0,439,-1,-1,0,0,10,4,6,0,10
1786168287214929920,end,0,440,-1,0,-1,0,9,4,5,0,9
1786168287333103104,end,0,441,-1,-1,0,0,8,3,5,0,8
1786168287976288768,end,0,442,-1,0,-1,0,7,3,4,0,7
1786168288449810432,end,0,443,-1,-1,0,0,6,2,4,0,6
1786168288657336064,start,0,457,1,0,1,0,7,2,5,0,7
1786168288874149376,start,0,444,1,0,1,0,8,2,6,0,8
1786168289910140928,start,0,446,1,1,0,0,9,3,6,0,9
1786168291324479488,end,0,444,-1,0,-1,0,8,3,5,0,8
1786168291550959872,end,0,445,-1,0,-1,0,7,3,4,0,7
1786168292107216384,start,0,453,1,0,1,0,8,3,5,0,8
1786168292597934592,end,0,446,-1,-1,0,0,7,2,5,0,7
1786168292992820480,start,0,451,1,0,1,0,8,2,6,0,8
1786168293398230528,end,0,447,-1,0,-1,0,7,2,5,0,7
1786168293711093248,end,0,448,-1,0,-1,0,6,2,4,0,6
1786168294087237376,start,0,459,1,0,1,0,7,2,5,0,7
1786168295013264640,start,0,452,1,0,1,0,8,2,6,0,8
1786168295233854208,start,0,461,1,1,0,0,9,3,6,0,9
1786168295832344576,end,0,449,-1,-1,0,0,8,2,6,0,8
1786168297498045184,end,0,450,-1,-1,0,0,7,1,6,0,7
1786168299006596352,end,0,451,-1,0,-1,0,6,1,5,0,6
1786168299415982080,start,0,467,1,1,0,0,7,2,5,0,7
1786168300685824000,start,0,454,1,0,1,0,8,2,6,0,8
1786168302162062336,end,0,452,-1,0,-1,0,7,2,5,0,7
1786168303719438592,end,0,453,-1,0,-1,0,6,2,4,0,6
1786168303819031808,start,0,456,1,0,1,0,7,2,5,0,7
1786168304102138880,end,0,454,-1,0,-1,0,6,2,4,0,6
1786168304183524608,start,0,460,1,0,1,0,7,2,5,0,7
1786168305702602240,start,0,458,1,0,1,0,8,2,6,0,8
1786168306876308480,end,0,455,-1,0,-1,0,7,2,5,0,7
1786168307470288384,start,0,466,1,0,1,0,8,2,6,0,8
1786168307488850688,end,0,456,-1,0,-1,0,7,2,5,0,7
1786168308321455360,end,0,457,-1,0,-1,0,6,2,4,0,6
1786168308413474560,end,0,458,-1,0,-1,0,5,2,3,0,5
1786168308457450496,end,0,459,-1,0,-1,0,4,2,2,0,4
1786168308889300224,start,0,470,1,0,1,0,5,2,3,0,5
1786168308977514240,start,0,464,1,0,1,0,6,2,4,0,6
1786168309238360320,start,0,463,1,0,1,0,7,2,5,0,7
1786168310261248768,start,0,462,1,0,1,0,8,2,6,0,8
1786168311160020736,end,0,460,-1,0,-1,0,7,2,5,0,7
1786168311312382976,end,0,461,-1,-1,0,0,6,1,5,0,6
1786168311686153472,start,0,471,1,0,1,0,7,1,6,0,7
1786168312775309312,end,0,462,-1,0,-1,0,6,1,5,0,6
1786168312880277248,start,0,475,1,1,0,0,7,2,5,0,7
1786168314397200128,start,0,465,1,0,1,0,8,2,6,0,8
1786168314873372672,end,0,463,-1,0,-1,0,7,2,5,0,7
1786168316505695744,start,0,468,1,0,1,0,8,2,6,0,8
1786168317723963136,end,0,464,-1,0,-1,0,7,2,5,0,7
1786168318441031168,start,0,473,1,0,1,0,8,2,6,0,8
1786168318977984512,end,0,465,-1,0,-1,0,7,2,5,0,7
1786168319243684864,end,0,466,-1,0,-1,0,6,2,4,0,6
1786168319944311040,start,0,472,1,0,1,0,7,2,5,0,7
1786168320311147520,end,0,467,-1,-1,0,0,6,1,5,0,6
1786168320541684224,start,0,469,1,0,1,0,7,1,6,0,7
1786168321040006400,end,0,468,-1,0,-1,0,6,1,5,0,6
1786168322387984128,end,0,469,-1,0,-1,0,5,1,4,0,5
1786168322839948288,start,0,474,1,0,1,0,6,1,5,0,6
1786168323251833856,end,0,470,-1,0,-1,0,5,1,4,0,5
1786168324003070464,end,0,471,-1,0,-1,0,4,1,3,0,4
1786168324224233984,start,0,477,1,0,1,0,5,1,4,0,5
1786168324262337024,start,0,476,1,0,1,0,6,1,5,0,6
1786168324608235008,start,0,487,1,0,1,0,7,1,6,0,7
1786168326071750144,end,0,472,-1,0,-1,0,6,1,5,0,6
1786168326604182528,end,0,473,-1,0,-1,0,5,1,4,0,5
1786168326730366976,start,0,478,1,0,1,0,6,1,5,0,6
1786168327298720768,start,0,481,1,0,1,0,7,1,6,0,7
1786168328067016192,end,0,474,-1,0,-1,0,6,1,5,0,6
1786168328432685568,start,0,479,1,0,1,0,7,1,6,0,7
1786168328673236224,start,0,490,1,1,0,0,8,2,6,0,8
1786168329687600640,end,0,475,-1,-1,0,0,7,1,6,0,7
1786168329958022912,end,0,476,-1,0,-1,0,6,1,5,0,6
1786168330042433024,end,0,477,-1,0,-1,0,5,1,4,0,5
1786168330830351616,start,0,483,1,0,1,0,6,1,5,0,6
1786168331098613504,start,0,488,1,1,0,0,7,2,5,0,7
1786168331544939776,start,0,480,1,0,1,0,8,2,6,0,8
1786168331590438656,end,0,478,-1,0,-1,0,7,2,5,0,7
1786168332257542144,start,0,482,1,0,1,0,8,2,6,0,8
1786168332362368256,end,0,479,-1,0,-1,0,7,2,5,0,7
1786168334208828672,start,0,485,1,0,1,0,8,2,6,0,8
1786168335077020160,end,0,480,-1,0,-1,0,7,2,5,0,7
1786168335325040384,end,0,481,-1,0,-1,0,6,2,4,0,6
1786168335852506368,start,0,486,1,1,0,0,7,3,4,0,7
1786168335909191680,end,0,482,-1,0,-1,0,6,3,3,0,6
1786168336126761472,start,0,494,1,0,1,0,7,3,4,0,7
1786168336637924352,start,0,496,1,0,1,0,8,3,5,0,8
1786168336660945920,start,0,484,1,0,1,0,9,3,6,0,9
1786168337053722368,end,0,483,-1,0,-1,0,8,3,5,0,8
1786168337520911616,start,0,489,1,0,1,0,9,3,6,0,9
1786168339223236096,end,0,484,-1,0,-1,0,8,3,5,0,8
1786168340101164800,end,0,485,-1,0,-1,0,7,3,4,0,7
1786168340415841024,end,0,486,-1,-1,0,0,6,2,4,0,6
1786168340900903168,end,0,487,-1,0,-1,0,5,2,3,0,5
1786168340987452928,start,0,491,1,0,1,0,6,2,4,0,6
1786168341579780352,start,0,502,1,0,1,0,7,2,5,0,7
1786168341943521024,start,0,493,1,0,1,0,8,2,6,0,8
1786168342164771840,end,0,488,-1,-1,0,0,7,1,6,0,7
1786168342446300160,end,0,489,-1,0,-1,0,6,1,5,0,6
1786168342610641920,end,0,490,-1,-1,0,0,5,0,5,0,5
1786168342943138048,start,0,497,1,0,1,0,6,0,6,0,6
1786168343615021312,start,0,492,1,1,0,0,7,1,6,0,7
1786168344287285760,end,0,491,-1,0,-1,0,6,1,5,0,6
1786168345498946816,start,0,522,1,1,0,0,7,2,5,0,7
1786168345943140864,end,0,492,-1,-1,0,0,6,1,5,0,6
1786168346108127488,start,0,495,1,0,1,0,7,1,6,0,7
1786168347269360896,end,0,493,-1,0,-1,0,6,1,5,0,6
1786168347283666944,start,0,498,1,1,0,0,7,2,5,0,7
1786168348314491648,end,0,494,-1,0,-1,0,6,2,4,0,6
1786168348970992896,start,0,500,1,0,1,0,7,2,5,0,7
1786168349045356800,start,0,499,1,0,1,0,8,2,6,0,8
1786168349353891072,end,0,495,-1,0,-1,0,7,2,5,0,7
1786168349785374464,end,0,496,-1,0,-1,0,6,2,4,0,6
1786168350457836288,start,0,506,1,0,1,0,7,2,5,0,7
1786168350996275456,start,0,501,1,0,1,0,8,2,6,0,8
1786168352690153728,end,0,497,-1,0,-1,0,7,2,5,0,7
1786168353336300032,end,0,498,-1,-1,0,0,6,1,5,0,6
1786168353353789440,end,0,499,-1,0,-1,0,5,1,4,0,5
1786168353540650240,end,0,500,-1,0,-1,0,4,1,3,0,4
1786168353597682432,end,0,501,-1,0,-1,0,3,1,2,0,3
1786168353788612608,start,0,505,1,0,1,0,4,1,3,0,4
1786168354232146432,start,0,508,1,0,1,0,5,1,4,0,5
1786168355093724672,end,0,502,-1,0,-1,0,4,1,3,0,4
1786168355275274496,start,0,503,1,0,1,0,5,1,4,0,5
1786168355360664832,start,0,504,1,0,1,0,6,1,5,0,6
1786168355811666176,start,0,511,1,0,1,0,7,1,6,0,7
1786168360102782720,end,0,503,-1,0,-1,0,6,1,5,0,6
1786168360115517184,end,0,504,-1,0,-1,0,5,1,4,0,5
1786168361603333376,end,0,505,-1,0,-1,0,4,1,3,0,4
1786168361899865344,start,0,507,1,0,1,0,5,1,4,0,5
1786168362126535936,start,0,509,1,0,1,0,6,1,5,0,6
1786168362162834944,start,0,512,1,0,1,0,7,1,6,0,7
1786168362207909376,end,0,506,-1,0,-1,0,6,1,5,0,6
1786168362906663936,start,0,515,1,0,1,0,7,1,6,0,7
1786168364897075456,end,0,507,-1,0,-1,0,6,1,5,0,6
1786168365518271488,end,0,508,-1,0,-1,0,5,1,4,0,5
1786168366331909888,start,0,513,1,0,1,0,6,1,5,0,6
1786168366571530752,start,0,510,1,0,1,0,7,1,6,0,7
1786168367060318976,end,0,509,-1,0,-1,0,6,1,5,0,6
1786168367542922496,start,0,516,1,0,1,0,7,1,6,0,7
1786168368459586048,end,0,510,-1,0,-1,0,6,1,5,0,6
1786168370155344640,start,0,514,1,0,1,0,7,1,6,0,7
1786168370239438848,end,0,511,-1,0,-1,0,6,1,5,0,6
1786168370997676544,start,0,523,1,0,1,0,7,1,6,0,7
1786168371326764288,end,0,512,-1,0,-1,0,6,1,5,0,6
1786168371935278848,end,0,513,-1,0,-1,0,5,1,4,0,5
1786168372869321984,start,0,527,1,0,1,0,6,1,5,0,6
1786168373073106944,end,0,514,-1,0,-1,0,5,1,4,0,5
1786168374210514432,end,0,515,-1,0,-1,0,4,1,3,0,4
1786168374624745216,end,0,516,-1,0,-1,0,3,1,2,0,3
1786168374759046400,start,0,517,1,0,1,0,4,1,3,0,4
1786168374788043520,start,0,519,1,0,1,0,5,1,4,0,5
1786168374951616512,start,0,525,1,0,1,0,6,1,5,0,6
1786168375143929344,start,0,518,1,0,1,0,7,1,6,0,7
1786168377247542016,end,0,517,-1,0,-1,0,6,1,5,0,6
1786168378851919616,start,0,529,1,1,0,0,7,2,5,0,7
1786168379041345536,start,0,520,1,0,1,0,8,2,6,0,8
1786168379127184384,end,0,518,-1,0,-1,0,7,2,5,0,7
1786168379503821056,end,0,519,-1,0,-1,0,6,2,4,0,6
1786168379513518336,start,0,528,1,0,1,0,7,2,5,0,7
1786168379664982016,start,0,521,1,0,1,0,8,2,6,0,8
1786168381479894016,start,0,526,1,0,1,0,9,2,7,0,9
1786168381573651200,end,0,520,-1,0,-1,0,8,2,6,0,8
1786168381836675072,end,0,521,-1,0,-1,0,7,2,5,0,7
1786168382320180736,start,0,536,1,0,1,0,8,2,6,0,8
1786168383417394176,start,0,531,1,0,1,0,9,2,7,0,9
1786168384599617792,end,0,522,-1,-1,0,0,8,1,7,0,8
1786168384602397696,start,0,524,1,1,0,0,9,2,7,0,9
1786168385115922688,end,0,523,-1,0,-1,0,8,2,6,0,8
1786168385332992768,end,0,524,-1,-1,0,0,7,1,6,0,7
1786168385371964672,end,0,525,-1,0,-1,0,6,1,5,0,6
1786168385852602880,end,0,526,-1,0,-1,0,5,1,4,0,5
1786168385959155456,start,0,541,1,0,1,0,6,1,5,0,6
1786168386133542144,start,0,530,1,0,1,0,7,1,6,0,7
1786168388336023296,end,0,527,-1,0,-1,0,6,1,5,0,6
1786168389240175616,start,0,535,1,0,1,0,7,1,6,0,7
1786168391796093696,end,0,528,-1,0,-1,0,6,1,5,0,6
1786168392397910784,end,0,529,-1,-1,0,0,5,0,5,0,5
1786168392806787840,end,0,530,-1,0,-1,0,4,0,4,0,4
1786168393626852096,start,0,537,1,0,1,0,5,0,5,0,5
1786168393771426048,end,0,531,-1,0,-1,0,4,0,4,0,4
1786168394104365312,start,0,533,1,0,1,0,5,0,5,0,5
1786168394810360320,start,0,557,1,1,0,0,6,1,5,0,6
1786168395674685952,start,0,532,1,0,1,0,7,1,6,0,7
1786168398288855808,end,0,532,-1,0,-1,0,6,1,5,0,6
1786168399939686656,start,0,534,1,0,1,0,7,1,6,0,7
1786168400892971264,end,0,533,-1,0,-1,0,6,1,5,0,6
1786168402747093248,end,0,534,-1,0,-1,0,5,1,4,0,5
1786168402839789824,start,0,540,1,0,1,0,6,1,5,0,6
1786168403085570304,end,0,535,-1,0,-1,0,5,1,4,0,5
1786168403511365376,end,0,536,-1,0,-1,0,4,1,3,0,4
1786168404021704448,start,0,545,1,0,1,0,5,1,4,0,5
1786168404289369088,start,0,543,1,0,1,0,6,1,5,0,6
1786168404290389760,end,0,537,-1,0,-1,0,5,1,4,0,5
1786168404673494272,start,0,539,1,0,1,0,6,1,5,0,6
1786168405089239552,start,0,538,1,0,1,0,7,1,6,0,7
1786168407159423488,end,0,538,-1,0,-1,0,6,1,5,0,6
1786168407906372608,end,0,539,-1,0,-1,0,5,1,4,0,5
1786168408065886464,start,0,560,1,0,1,0,6,1,5,0,6
1786168409230753792,end,0,540,-1,0,-1,0,5,1,4,0,5
1786168409656232192,start,0,542,1,0,1,0,6,1,5,0,6
1786168411112395520,start,0,544,1,0,1,0,7,1,6,0,7
1786168411395392000,end,0,541,-1,0,-1,0,6,1,5,0,6
1786168412256140032,start,0,547,1,0,1,0,7,1,6,0,7
1786168413261189632,end,0,542,-1,0,-1,0,6,1,5,0,6
1786168413800036352,end,0,543,-1,0,-1,0,5,1,4,0,5
1786168414892855040,end,0,544,-1,0,-1,0,4,1,3,0,4
1786168414908166656,start,0,548,1,0,1,0,5,1,4,0,5
1786168414949263872,start,0,546,1,0,1,0,6,1,5,0,6
1786168415883535104,end,0,545,-1,0,-1,0,5,1,4,0,5
1786168416758767104,start,0,549,1,0,1,0,6,1,5,0,6
1786168416837051392,start,0,551,1,0,1,0,7,1,6,0,7
1786168419367728128,end,0,546,-1,0,-1,0,6,1,5,0,6
1786168421217864192,start,0,550,1,0,1,0,7,1,6,0,7
1786168421821042432,end,0,547,-1,0,-1,0,6,1,5,0,6
1786168422274340096,end,0,548,-1,0,-1,0,5,1,4,0,5
1786168422349208832,end,0,549,-1,0,-1,0,4,1,3,0,4
1786168422582813184,start,0,552,1,0,1,0,5,1,4,0,5
1786168422867248896,start,0,553,1,0,1,0,6,1,5,0,6
1786168423665850112,end,0,550,-1,0,-1,0,5,1,4,0,5
1786168424292360960,start,0,554,1,0,1,0,6,1,5,0,6
1786168425585662720,start,0,556,1,0,1,0,7,1,6,0,7
1786168426109838848,end,0,551,-1,0,-1,0,6,1,5,0,6
1786168426329473280,end,0,552,-1,0,-1,0,5,1,4,0,5
1786168426562110464,end,0,553,-1,0,-1,0,4,1,3,0,4
1786168427086981888,start,0,568,1,0,1,0,5,1,4,0,5
1786168427157214720,start,0,573,1,0,1,0,6,1,5,0,6
1786168427666459392,start,0,558,1,0,1,0,7,1,6,0,7
1786168430524365056,start,0,555,1,1,0,0,8,2,6,0,8
1786168431150449664,end,0,554,-1,0,-1,0,7,2,5,0,7
1786168432828457984,end,0,555,-1,-1,0,0,6,1,5,0,6
1786168433284833024,start,0,564,1,0,1,0,7,1,6,0,7
1786168433436984576,end,0,556,-1,0,-1,0,6,1,5,0,6
1786168433536901888,end,0,557,-1,-1,0,0,5,0,5,0,5
1786168435226119936,start,0,559,1,0,1,0,6,0,6,0,6
1786168435574014976,start,0,561,1,1,0,0,7,1,6,0,7
1786168435692815104,end,0,558,-1,0,-1,0,6,1,5,0,6
1786168436717870336,start,0,563,1,0,1,0,7,1,6,0,7
1786168437933787392,end,0,559,-1,0,-1,0,6,1,5,0,6
1786168437995192320,end,0,560,-1,0,-1,0,5,1,4,0,5
1786168439666809856,start,0,562,1,0,1,0,6,1,5,0,6
1786168439742909696,start,0,566,1,1,0,0,7,2,5,0,7
1786168442282234368,end,0,561,-1,-1,0,0,6,1,5,0,6
1786168443636614400,end,0,562,-1,0,-1,0,5,1,4,0,5
1786168444829246208,end,0,563,-1,0,-1,0,4,1,3,0,4
1786168445314744320,end,0,564,-1,0,-1,0,3,1,2,0,3
1786168445658373888,start,0,565,1,0,1,0,4,1,3,0,4
1786168445874038016,start,0,569,1,0,1,0,5,1,4,0,5
1786168448285964544,end,0,565,-1,0,-1,0,4,1,3,0,4
1786168450133304576,start,0,567,1,0,1,0,5,1,4,0,5
1786168452610271488,end,0,566,-1,-1,0,0,4,0,4,0,4
1786168454267997696,start,0,576,1,1,0,0,5,1,4,0,5
1786168455245122816,end,0,567,-1,0,-1,0,4,1,3,0,4
1786168456663316736,end,0,568,-1,0,-1,0,3,1,2,0,3
1786168457116582912,start,0,570,1,0,1,0,4,1,3,0,4
1786168458536780288,end,0,569,-1,0,-1,0,3,1,2,0,3
1786168459493609984,start,0,571,1,0,1,0,4,1,3,0,4
1786168460487666432,end,0,570,-1,0,-1,0,3,1,2,0,3
1786168462392576768,start,0,572,1,0,1,0,4,1,3,0,4
1786168464380757504,end,0,571,-1,0,-1,0,3,1,2,0,3
1786168465497893120,start,0,574,1,0,1,0,4,1,3,0,4
1786168466473748736,end,0,572,-1,0,-1,0,3,1,2,0,3
1786168468309055744,end,0,573,-1,0,-1,0,2,1,1,0,2
1786168468546957312,start,0,575,1,0,1,0,3,1,2,0,3
1786168468598481408,start,0,578,1,1,0,0,4,2,2,0,4
1786168468873020672,end,0,574,-1,0,-1,0,3,2,1,0,3
1786168469935935232,start,0,591,1,0,1,0,4,2,2,0,4
1786168470899183872,end,0,575,-1,0,-1,0,3,2,1,0,3
1786168471279041536,start,0,577,1,1,0,0,4,3,1,0,4
1786168472917860352,start,0,579,1,0,1,0,5,3,2,0,5
1786168477279660032,end,0,576,-1,-1,0,0,4,2,2,0,4
1786168478344933376,end,0,577,-1,-1,0,0,3,1,2,0,3
1786168478986090496,start,0,581,1,1,0,0,4,2,2,0,4
1786168479540413440,end,0,578,-1,-1,0,0,3,1,2,0,3
1786168479550772480,start,0,589,1,1,0,0,4,2,2,0,4
1786168479795036416,end,0,579,-1,0,-1,0,3,2,1,0,3
1786168481714419456,start,0,588,1,0,1,0,4,2,2,0,4
1786168482662627072,start,0,580,1,0,1,0,5,2,3,0,5
1786168485094140160,end,0,580,-1,0,-1,0,4,2,2,0,4
1786168485582848256,start,0,582,1,0,1,0,5,2,3,0,5
1786168485632756480,end,0,581,-1,-1,0,0,4,1,3,0,4
1786168487199994880,start,0,585,1,1,0,0,5,2,3,0,5
1786168488302388992,end,0,582,-1,0,-1,0,4,2,2,0,4
1786168488873190144,start,0,583,1,0,1,0,5,2,3,0,5
1786168491145296640,end,0,583,-1,0,-1,0,4,2,2,0,4
1786168491715320576,start,0,584,1,0,1,0,5,2,3,0,5
1786168493736541440,end,0,584,-1,0,-1,0,4,2,2,0,4
1786168494411399168,start,0,586,1,0,1,0,5,2,3,0,5
1786168495641738752,end,0,585,-1,-1,0,0,4,1,3,0,4
1786168496485282560,end,0,586,-1,0,-1,0,3,1,2,0,3
1786168497127319552,start,0,587,1,0,1,0,4,1,3,0,4
1786168497168680704,start,0,595,1,1,0,0,5,2,3,0,5
1786168499585238016,end,0,587,-1,0,-1,0,4,2,2,0,4
1786168500037383680,end,0,588,-1,0,-1,0,3,2,1,0,3
1786168500249653248,start,0,590,1,0,1,0,4,2,2,0,4
1786168500779142656,end,0,589,-1,-1,0,0,3,1,2,0,3
1786168502280442624,start,0,593,1,1,0,0,4,2,2,0,4
1786168502290727168,end,0,590,-1,0,-1,0,3,2,1,0,3
1786168502915745536,start,0,592,1,0,1,0,4,2,2,0,4
1786168504477864448,end,0,591,-1,0,-1,0,3,2,1,0,3
1786168504481544448,start,0,627,1,1,0,0,4,3,1,0,4
1786168505431238912,end,0,592,-1,0,-1,0,3,3,0,0,3
1786168505559341568,start,0,600,1,1,0,0,4,4,0,0,4
1786168506087425792,start,0,594,1,0,1,0,5,4,1,0,5
1786168506193787136,start,0,596,1,1,0,0,6,5,1,0,6
1786168507658678528,end,0,593,-1,-1,0,0,5,4,1,0,5
1786168508935203072,start,0,603,1,1,0,0,6,5,1,0,6
1786168511816494080,end,0,594,-1,0,-1,0,5,5,0,0,5
1786168512040252416,end,0,595,-1,-1,0,0,4,4,0,0,4
1786168512495907840,start,0,597,1,0,1,0,5,4,1,0,5
1786168512605021184,end,0,596,-1,-1,0,0,4,3,1,0,4
1786168512739444992,start,0,599,1,1,0,0,5,4,1,0,5
1786168513700487936,start,0,598,1,1,0,0,6,5,1,0,6
1786168516511373824,start,0,606,1,1,0,0,7,6,1,0,7
1786168523111526912,end,0,597,-1,0,-1,0,6,6,0,0,6
1786168523863088384,start,0,601,1,0,1,0,7,6,1,0,7
1786168526125667328,end,0,598,-1,-1,0,0,6,5,1,0,6
1786168526903873280,end,0,599,-1,-1,0,0,5,4,1,0,5
1786168527642167296,start,0,617,1,1,0,0,6,5,1,0,6
1786168528116467200,start,0,604,1,1,0,0,7,6,1,0,7
1786168528257020416,end,0,600,-1,-1,0,0,6,5,1,0,6
1786168531573793280,end,0,601,-1,0,-1,0,5,5,0,0,5
1786168532265002240,start,0,609,1,0,1,0,6,5,1,0,6
1786168532400936704,start,0,607,1,0,1,0,7,5,2,0,7
1786168532460094464,start,0,602,1,1,0,0,8,6,2,0,8
1786168534351320320,end,0,602,-1,-1,0,0,7,5,2,0,7
1786168536912520704,end,0,603,-1,-1,0,0,6,4,2,0,6
1786168537877671424,end,0,604,-1,-1,0,0,5,3,2,0,5
1786168538734346496,start,0,613,1,1,0,0,6,4,2,0,6
1786168539036472320,start,0,605,1,1,0,0,7,5,2,0,7
1786168543273636096,end,0,605,-1,-1,0,0,6,4,2,0,6
1786168543699017472,start,0,615,1,0,1,0,7,4,3,0,7
1786168544501570048,start,0,626,1,1,0,0,8,5,3,0,8
1786168550980093952,end,0,606,-1,-1,0,0,7,4,3,0,7
1786168554133645056,start,0,623,1,1,0,0,8,5,3,0,8
1786168554322097920,end,0,607,-1,0,-1,0,7,5,2,0,7
1786168555041527808,start,0,608,1,0,1,0,8,5,3,0,8
1786168557278329856,end,0,608,-1,0,-1,0,7,5,2,0,7
1786168557378766592,end,0,609,-1,0,-1,0,6,5,1,0,6
1786168557767363584,start,0,619,1,0,1,0,7,5,2,0,7
1786168558007082240,start,0,610,1,0,1,0,8,5,3,0,8
1786168559866842368,end,0,610,-1,0,-1,0,7,5,2,0,7
1786168560563476992,start,0,611,1,0,1,0,8,5,3,0,8
1786168562201573888,start,0,616,1,1,0,0,9,6,3,0,9
1786168562849947392,end,0,611,-1,0,-1,0,8,6,2,0,8
1786168563558122496,start,0,612,1,0,1,0,9,6,3,0,9
1786168568807361792,end,0,612,-1,0,-1,0,8,6,2,0,8
1786168569583828736,start,0,618,1,0,1,0,9,6,3,0,9
1786168570777776384,end,0,613,-1,-1,0,0,8,5,3,0,8
1786168575424907008,start,0,614,1,1,0,0,9,6,3,0,9
1786168577242244608,end,0,614,-1,-1,0,0,8,5,3,0,8
1786168578220536576,end,0,615,-1,0,-1,0,7,5,2,0,7
1786168578849618688,start,0,622,1,0,1,0,8,5,3,0,8
1786168579171596032,end,0,616,-1,-1,0,0,7,4,3,0,7
1786168580004053760,end,0,617,-1,-1,0,0,6,3,3,0,6
1786168580227956736,start,0,621,1,1,0,0,7,4,3,0,7
1786168581596654592,start,0,634,1,1,0,0,8,5,3,0,8
1786168581683581184,start,0,620,1,1,0,0,9,6,3,0,9
1786168587840887040,end,0,618,-1,0,-1,0,8,6,2,0,8
1786168588615584768,start,0,628,1,0,1,0,9,6,3,0,9
1786168589200935936,end,0,619,-1,0,-1,0,8,6,2,0,8
1786168589346566144,start,0,630,1,1,0,0,9,7,2,0,9
1786168589532001792,start,0,624,1,0,1,0,10,7,3,0,10
1786168589717816064,end,0,620,-1,-1,0,0,9,6,3,0,9
1786168590692824832,end,0,621,-1,-1,0,0,8,5,3,0,8
1786168592400522240,end,0,622,-1,0,-1,0,7,5,2,0,7
1786168592749261568,start,0,625,1,0,1,0,8,5,3,0,8
1786168595608741376,start,0,631,1,1,0,0,9,6,3,0,9
1786168599174427648,end,0,623,-1,-1,0,0,8,5,3,0,8
1786168599408071424,end,0,624,-1,0,-1,0,7,5,2,0,7
1786168599901277184,start,0,633,1,0,1,0,8,5,3,0,8
1786168600307491328,end,0,625,-1,0,-1,0,7,5,2,0,7
1786168600311080960,start,0,638,1,0,1,0,8,5,3,0,8
1786168600770907136,start,0,629,1,0,1,0,9,5,4,0,9
1786168601226385664,end,0,626,-1,-1,0,0,8,4,4,0,8
1786168602699489536,start,0,636,1,1,0,0,9,5,4,0,9
1786168610757217024,end,0,627,-1,-1,0,0,8,4,4,0,8
1786168612957324032,end,0,628,-1,0,-1,0,7,4,3,0,7
1786168613397363456,end,0,629,-1,0,-1,0,6,4,2,0,6
1786168613750016000,start,0,635,1,0,1,0,7,4,3,0,7
1786168621317867776,end,0,630,-1,-1,0,0,6,3,3,0,6
1786168624486754560,start,0,632,1,0,1,0,7,3,4,0,7
1786168628236434688,end,0,631,-1,-1,0,0,6,2,4,0,6
1786168628617262848,end,0,632,-1,0,-1,0,5,2,3,0,5
1786168628984143104,start,0,639,1,0,1,0,6,2,4,0,6
1786168629284023552,start,0,641,1,1,0,0,7,3,4,0,7
1786168629370751488,end,0,633,-1,0,-1,0,6,3,3,0,6
1786168629457485056,start,0,640,1,0,1,0,7,3,4,0,7
1786168629711211520,start,0,657,1,1,0,0,8,4,4,0,8
1786168629951863552,start,0,637,1,0,1,0,9,4,5,0,9
1786168633176632064,end,0,634,-1,-1,0,0,8,3,5,0,8
1786168634683274496,start,0,647,1,1,0,0,9,4,5,0,9
1786168636851728640,end,0,635,-1,0,-1,0,8,4,4,0,8
1786168637145774592,end,0,636,-1,-1,0,0,7,3,4,0,7
1786168637618961920,end,0,637,-1,0,-1,0,6,3,3,0,6
1786168637673545216,start,0,648,1,0,1,0,7,3,4,0,7
1786168638214665728,start,0,644,1,0,1,0,8,3,5,0,8
1786168638568622336,start,0,662,1,1,0,0,9,4,5,0,9
1786168639082043904,end,0,638,-1,0,-1,0,8,4,4,0,8
1786168639083945472,start,0,645,1,0,1,0,9,4,5,0,9
1786168639555608064,end,0,639,-1,0,-1,0,8,4,4,0,8
1786168639844160256,start,0,642,1,0,1,0,9,4,5,0,9
1786168642554907392,end,0,640,-1,0,-1,0,8,4,4,0,8
1786168642981896704,start,0,643,1,0,1,0,9,4,5,0,9
1786168643755760128,end,0,641,-1,-1,0,0,8,3,5,0,8
1786168644126459648,end,0,642,-1,0,-1,0,7,3,4,0,7
1786168644547153920,start,0,651,1,0,1,0,8,3,5,0,8
1786168646521833216,end,0,643,-1,0,-1,0,7,3,4,0,7
1786168646929662976,start,0,646,1,0,1,0,8,3,5,0,8
1786168648030613760,end,0,644,-1,0,-1,0,7,3,4,0,7
1786168648594975232,start,0,660,1,0,1,0,8,3,5,0,8
1786168649245495552,end,0,645,-1,0,-1,0,7,3,4,0,7
1786168649982104576,start,0,653,1,0,1,0,8,3,5,0,8
1786168651188115200,start,0,654,1,1,0,0,9,4,5,0,9
1786168654992260096,end,0,646,-1,0,-1,0,8,4,4,0,8
1786168655475048704,start,0,650,1,0,1,0,9,4,5,0,9
1786168655494618112,end,0,647,-1,-1,0,0,8,3,5,0,8
1786168657170521600,start,0,649,1,1,0,0,9,4,5,0,9
1786168657855770368,end,0,648,-1,0,-1,0,8,4,4,0,8
1786168659569800192,start,0,655,1,1,0,0,9,5,4,0,9
1786168660094352384,end,0,649,-1,-1,0,0,8,4,4,0,8
1786168661076881920,end,0,650,-1,0,-1,0,7,4,3,0,7
1786168661343155712,end,0,651,-1,0,-1,0,6,4,2,0,6
1786168661527363584,start,0,652,1,0,1,0,7,4,3,0,7
1786168661550936576,start,0,658,1,1,0,0,8,5,3,0,8
1786168666229923328,end,0,652,-1,0,-1,0,7,5,2,0,7
1786168666831707136,start,0,656,1,0,1,0,8,5,3,0,8
1786168667011953152,end,0,653,-1,0,-1,0,7,5,2,0,7
1786168667467849728,end,0,654,-1,-1,0,0,6,4,2,0,6
1786168667693884672,start,0,661,1,0,1,0,7,4,3,0,7
1786168668573709824,start,0,663,1,1,0,0,8,5,3,0,8
1786168672598752000,end,0,655,-1,-1,0,0,7,4,3,0,7
1786168673173679360,end,0,656,-1,0,-1,0,6,4,2,0,6
1786168673948746240,start,0,659,1,0,1,0,7,4,3,0,7
1786168674214658048,end,0,657,-1,-1,0,0,6,3,3,0,6
1786168674518251008,end,0,658,-1,-1,0,0,5,2,3,0,5
1786168676095396864,start,0,664,1,1,0,0,6,3,3,0,6
1786168679985898240,end,0,659,-1,0,-1,0,5,3,2,0,5
1786168680616104704,start,0,678,1,0,1,0,6,3,3,0,6
1786168683558840832,end,0,660,-1,0,-1,0,5,3,2,0,5
1786168684457441024,end,0,661,-1,0,-1,0,4,3,1,0,4
1786168684494524928,start,0,665,1,0,1,0,5,3,2,0,5
1786168685107458048,start,0,666,1,0,1,0,6,3,3,0,6
1786168685335179776,start,0,669,1,1,0,0,7,4,3,0,7
1786168686216451072,end,0,662,-1,-1,0,0,6,3,3,0,6
1786168687665099520,start,0,667,1,1,0,0,7,4,3,0,7
1786168688217278976,end,0,663,-1,-1,0,0,6,3,3,0,6
1786168696975671552,end,0,664,-1,-1,0,0,5,2,3,0,5
1786168698410343168,end,0,665,-1,0,-1,0,4,2,2,0,4
1786168698652265472,start,0,672,1,1,0,0,5,3,2,0,5
1786168699260302848,start,0,668,1,0,1,0,6,3,3,0,6
1786168699793839104,start,0,675,1,1,0,0,7,4,3,0,7
1786168701021156864,end,0,666,-1,0,-1,0,6,4,2,0,6
1786168702004757504,start,0,673,1,0,1,0,7,4,3,0,7
1786168703621534976,end,0,667,-1,-1,0,0,6,3,3,0,6
1786168704859364352,end,0,668,-1,0,-1,0,5,3,2,0,5
1786168705149937920,start,0,670,1,1,0,0,6,4,2,0,6
1786168705677047552,start,0,676,1,0,1,0,7,4,3,0,7
1786168707141063936,end,0,669,-1,-1,0,0,6,3,3,0,6
1786168707434830848,end,0,670,-1,-1,0,0,5,2,3,0,5
1786168707437152512,start,0,671,1,1,0,0,6,3,3,0,6
1786168708288119296,end,0,671,-1,-1,0,0,5,2,3,0,5
1786168708306661888,end,0,672,-1,-1,0,0,4,1,3,0,4
1786168709947282688,start,0,677,1,1,0,0,5,2,3,0,5
1786168711440850432,start,0,674,1,1,0,0,6,3,3,0,6
1786168713282985216,end,0,673,-1,0,-1,0,5,3,2,0,5
1786168713811270656,end,0,674,-1,-1,0,0,4,2,2,0,4
1786168713970589440,end,0,675,-1,-1,0,0,3,1,2,0,3
1786168714349334528,start,0,686,1,0,1,0,4,1,3,0,4
1786168715023704064,start,0,679,1,1,0,0,5,2,3,0,5
1786168718750449664,end,0,676,-1,0,-1,0,4,2,2,0,4
1786168719796939008,start,0,680,1,0,1,0,5,2,3,0,5
1786168719867791104,end,0,677,-1,-1,0,0,4,1,3,0,4
1786168721420699392,start,0,681,1,1,0,0,5,2,3,0,5
1786168722419772160,end,0,678,-1,0,-1,0,4,2,2,0,4
1786168723105702656,end,0,679,-1,-1,0,0,3,1,2,0,3
1786168724154069760,start,0,682,1,1,0,0,4,2,2,0,4
1786168726217268480,end,0,680,-1,0,-1,0,3,2,1,0,3
1786168727237140736,start,0,687,1,0,1,0,4,2,2,0,4
1786168727346136576,start,0,685,1,1,0,0,5,3,2,0,5
1786168730684279296,end,0,681,-1,-1,0,0,4,2,2,0,4
1786168732261278464,start,0,683,1,1,0,0,5,3,2,0,5
1786168733512912896,end,0,682,-1,-1,0,0,4,2,2,0,4
1786168734560177408,start,0,684,1,1,0,0,5,3,2,0,5
1786168735187494400,end,0,683,-1,-1,0,0,4,2,2,0,4
1786168736629408256,end,0,684,-1,-1,0,0,3,1,2,0,3
1786168736797272320,start,0,688,1,1,0,0,4,2,2,0,4
1786168737507228928,end,0,685,-1,-1,0,0,3,1,2,0,3
1786168738155966464,end,0,686,-1,0,-1,0,2,1,1,0,2
1786168738918538240,start,0,696,1,0,1,0,3,1,2,0,3
1786168741787536128,start,0,698,1,1,0,0,4,2,2,0,4
1786168744367350528,end,0,687,-1,0,-1,0,3,2,1,0,3
1786168745287975936,start,0,689,1,0,1,0,4,2,2,0,4
1786168747360860160,end,0,688,-1,-1,0,0,3,1,2,0,3
1786168748941701632,start,0,692,1,1,0,0,4,2,2,0,4
1786168752269442048,start,0,690,1,1,0,0,5,3,2,0,5
1786168753440988672,end,0,689,-1,0,-1,0,4,3,1,0,4
1786168754373213952,start,0,691,1,0,1,0,5,3,2,0,5
1786168757912485376,end,0,690,-1,-1,0,0,4,2,2,0,4
1786168759010976256,end,0,691,-1,0,-1,0,3,2,1,0,3
1786168759237639168,end,0,692,-1,-1,0,0,2,1,1,0,2
1786168760022631936,start,0,694,1,0,1,0,3,1,2,0,3
1786168761345212160,start,0,693,1,1,0,0,4,2,2,0,4
1786168764046151168,end,0,693,-1,-1,0,0,3,1,2,0,3
1786168765649453568,start,0,695,1,1,0,0,4,2,2,0,4
1786168768967431936,end,0,694,-1,0,-1,0,3,2,1,0,3
1786168769990498048,start,0,699,1,0,1,0,4,2,2,0,4
1786168771538338816,end,0,695,-1,-1,0,0,3,1,2,0,3
1786168773150089472,start,0,697,1,1,0,0,4,2,2,0,4
1786168775132868608,end,0,696,-1,0,-1,0,3,2,1,0,3
1786168776682291200,end,0,697,-1,-1,0,0,2,1,1,0,2
1786168777862806528,end,0,698,-1,-1,0,0,1,0,1,0,1
1786168778511884544,start,0,700,1,1,0,0,2,1,1,0,2
1786168779495430400,start,0,703,1,1,0,0,3,2,1,0,3
1786168780750519040,end,0,699,-1,0,-1,0,2,2,0,0,2
1786168782019041536,end,0,700,-1,-1,0,0,1,1,0,0,1
1786168783844620544,start,0,701,1,1,0,0,2,2,0,0,2
1786168789414304000,end,0,701,-1,-1,0,0,1,1,0,0,1
1786168791054834944,start,0,702,1,1,0,0,2,2,0,0,2
1786168793663843840,end,0,702,-1,-1,0,0,1,1,0,0,1
1786168794709138176,end,0,703,-1,-1,0,0,0,0,0,0,0
1786168795294443520,start,0,704,1,1,0,0,1,1,0,0,1
1786168796411465472,start,0,706,1,1,0,0,2,2,0,0,2
1786168801162293504,end,0,704,-1,-1,0,0,1,1,0,0,1
1786168802805510656,start,0,705,1,1,0,0,2,2,0,0,2
1786168806044838400,end,0,705,-1,-1,0,0,1,1,0,0,1
1786168807700764928,start,0,707,1,1,0,0,2,2,0,0,2
1786168827078040064,start,0,708,1,0,1,0,3,2,1,0,3
1786168836867424768,end,0,706,-1,-1,0,0,2,1,1,0,2
1786168838674844672,start,0,712,1,1,0,0,3,2,1,0,3
1786168838920626176,end,0,707,-1,-1,0,0,2,1,1,0,2
1786168840712938240,start,0,710,1,1,0,0,3,2,1,0,3
1786168841194763776,end,0,708,-1,0,-1,0,2,2,0,0,2
1786168842070531328,start,0,709,1,0,1,0,3,2,1,0,3
1786168843314580480,start,0,713,1,0,1,0,4,2,2,0,4
1786168846574123008,end,0,709,-1,0,-1,0,3,2,1,0,3
1786168847475943680,start,0,711,1,0,1,0,4,2,2,0,4
1786168852602289408,end,0,710,-1,-1,0,0,3,1,2,0,3
1786168852934466816,end,0,711,-1,0,-1,0,2,1,1,0,2
1786168853822055936,start,0,719,1,0,1,0,3,1,2,0,3
1786168854326383104,end,0,712,-1,-1,0,0,2,0,2,0,2
1786168854731389440,start,0,714,1,1,0,0,3,1,2,0,3
1786168855868066816,end,0,713,-1,0,-1,0,2,1,1,0,2
1786168856198489344,start,0,715,1,1,0,0,3,2,1,0,3
1786168856982924032,start,0,716,1,0,1,0,4,2,2,0,4
1786168857875078912,end,0,714,-1,-1,0,0,3,1,2,0,3
1786168859282649088,end,0,715,-1,-1,0,0,2,0,2,0,2
1786168859870407424,start,0,717,1,1,0,0,3,1,2,0,3
1786168861160317952,start,0,720,1,1,0,0,4,2,2,0,4
1786168861911718912,end,0,716,-1,0,-1,0,3,2,1,0,3
1786168863015388416,start,0,718,1,0,1,0,4,2,2,0,4
1786168866874193408,start,0,723,1,1,0,0,5,3,2,0,5
1786168868790123776,end,0,717,-1,-1,0,0,4,2,2,0,4
1786168870460383744,start,0,725,1,1,0,0,5,3,2,0,5
1786168872338607360,end,0,718,-1,0,-1,0,4,3,1,0,4
1786168873488977664,start,0,721,1,0,1,0,5,3,2,0,5
1786168875110035456,end,0,719,-1,0,-1,0,4,3,1,0,4
1786168876052446464,start,0,732,1,0,1,0,5,3,2,0,5
1786168877742478080,start,0,729,1,1,0,0,6,4,2,0,6
1786168879933817856,end,0,720,-1,-1,0,0,5,3,2,0,5
1786168881295580672,start,0,728,1,1,0,0,6,4,2,0,6
1786168881831824896,start,0,735,1,1,0,0,7,5,2,0,7
1786168882685939456,end,0,721,-1,0,-1,0,6,5,1,0,6
1786168883798415616,start,0,722,1,0,1,0,7,5,2,0,7
1786168889723345408,start,0,724,1,1,0,0,8,6,2,0,8
1786168891193282304,end,0,722,-1,0,-1,0,7,6,1,0,7
1786168892418806272,start,0,734,1,0,1,0,8,6,2,0,8
1786168898342960128,end,0,723,-1,-1,0,0,7,5,2,0,7
1786168915205597440,start,0,726,1,1,0,0,8,6,2,0,8
1786168918610662912,end,0,724,-1,-1,0,0,7,5,2,0,7
1786168920024821504,end,0,725,-1,-1,0,0,6,4,2,0,6
1786168920565431552,end,0,726,-1,-1,0,0,5,3,2,0,5
1786168921814983424,start,0,731,1,1,0,0,6,4,2,0,6
1786168923206062336,start,0,727,1,1,0,0,7,5,2,0,7
1786168926430717440,end,0,727,-1,-1,0,0,6,4,2,0,6
1786168927295192320,end,0,728,-1,-1,0,0,5,3,2,0,5
1786168927297885440,start,0,730,1,1,0,0,6,4,2,0,6
1786168927571330304,end,0,729,-1,-1,0,0,5,3,2,0,5
1786168928085440512,end,0,730,-1,-1,0,0,4,2,2,0,4
1786168928538149120,end,0,731,-1,-1,0,0,3,1,2,0,3
1786168929053938688,end,0,732,-1,0,-1,0,2,1,1,0,2
1786168930473276672,start,0,733,1,1,0,0,3,2,1,0,3
1786168930804743680,start,0,737,1,1,0,0,4,3,1,0,4
1786168932418084352,start,0,736,1,1,0,0,5,4,1,0,5
1786168933873519104,end,0,733,-1,-1,0,0,4,3,1,0,4
1786168935602953984,start,0,738,1,1,0,0,5,4,1,0,5
1786168936683011072,start,0,741,1,1,0,0,6,5,1,0,6
1786168938675156736,end,0,734,-1,0,-1,0,5,5,0,0,5
1786168939812433152,start,0,750,1,0,1,0,6,5,1,0,6
1786168943999518976,end,0,735,-1,-1,0,0,5,4,1,0,5
1786168945940968448,start,0,739,1,1,0,0,6,5,1,0,6
1786168946251841280,end,0,736,-1,-1,0,0,5,4,1,0,5
1786168948368406784,start,0,744,1,1,0,0,6,5,1,0,6
1786168952614650880,end,0,737,-1,-1,0,0,5,4,1,0,5
1786168955013339392,end,0,738,-1,-1,0,0,4,3,1,0,4
1786168956935650048,start,0,740,1,1,0,0,5,4,1,0,5
1786168956941244416,start,0,743,1,1,0,0,6,5,1,0,6
1786168958017292288,end,0,739,-1,-1,0,0,5,4,1,0,5
1786168964799753472,end,0,740,-1,-1,0,0,4,3,1,0,4
1786168964843492096,end,0,741,-1,-1,0,0,3,2,1,0,3
1786168969807849472,start,0,742,1,1,0,0,4,3,1,0,4
1786168971679470592,end,0,742,-1,-1,0,0,3,2,1,0,3
1786168973137905664,end,0,743,-1,-1,0,0,2,1,1,0,2
1786168974952127488,start,0,745,1,1,0,0,3,2,1,0,3
1786168977382413056,end,0,744,-1,-1,0,0,2,1,1,0,2
1786168978047297024,start,0,749,1,1,0,0,3,2,1,0,3
1786168979601477888,end,0,745,-1,-1,0,0,2,1,1,0,2
1786168981473134848,start,0,746,1,1,0,0,3,2,1,0,3
1786168984350108160,end,0,746,-1,-1,0,0,2,1,1,0,2
1786168986101484544,start,0,747,1,1,0,0,3,2,1,0,3
1786168988307694336,end,0,747,-1,-1,0,0,2,1,1,0,2
1786168990097418496,start,0,748,1,1,0,0,3,2,1,0,3
1786168993146155520,end,0,748,-1,-1,0,0,2,1,1,0,2
1786168994899457536,start,0,752,1,1,0,0,3,2,1,0,3
1786168999766684160,end,0,749,-1,-1,0,0,2,1,1,0,2
1786169000426060288,start,0,753,1,1,0,0,3,2,1,0,3
1786169003365359616,start,0,751,1,1,0,0,4,3,1,0,4
1786169005904940544,end,0,750,-1,0,-1,0,3,3,0,0,3
1786169005908820480,start,0,760,1,1,0,0,4,4,0,0,4
1786169012816464128,end,0,751,-1,-1,0,0,3,3,0,0,3
1786169013899674624,end,0,752,-1,-1,0,0,2,2,0,0,2
1786169014740864768,end,0,753,-1,-1,0,0,1,1,0,0,1
1786169021407047168,start,0,754,1,1,0,0,2,2,0,0,2
1786169039821333504,end,0,754,-1,-1,0,0,1,1,0,0,1
1786169040622204416,start,0,756,1,1,0,0,2,2,0,0,2
1786169053225389824,start,0,755,1,1,0,0,3,3,0,0,3
1786169055608588032,end,0,755,-1,-1,0,0,2,2,0,0,2
1786169071024809472,end,0,756,-1,-1,0,0,1,1,0,0,1
1786169075250384640,start,0,757,1,1,0,0,2,2,0,0,2
1786169083900402176,end,0,757,-1,-1,0,0,1,1,0,0,1
1786169084733867520,start,0,758,1,1,0,0,2,2,0,0,2
1786169095150549248,end,0,758,-1,-1,0,0,1,1,0,0,1
1786169096262766080,start,0,761,1,1,0,0,2,2,0,0,2
1786169099053552128,start,0,759,1,1,0,0,3,3,0,0,3
1786169101060957952,end,0,759,-1,-1,0,0,2,2,0,0,2
1786169115561039872,end,0,760,-1,-1,0,0,1,1,0,0,1
1786169117372203776,start,0,767,1,1,0,0,2,2,0,0,2
1786169121845883136,end,0,761,-1,-1,0,0,1,1,0,0,1
1786169122804446208,start,0,762,1,1,0,0,2,2,0,0,2
1786169125177744128,end,0,762,-1,-1,0,0,1,1,0,0,1
1786169125776848896,start,0,763,1,1,0,0,2,2,0,0,2
1786169133946017536,end,0,763,-1,-1,0,0,1,1,0,0,1
1786169138528549888,start,0,764,1,1,0,0,2,2,0,0,2
1786169150046276608,end,0,764,-1,-1,0,0,1,1,0,0,1
1786169151334613760,start,0,765,1,1,0,0,2,2,0,0,2
1786169155607576064,end,0,765,-1,-1,0,0,1,1,0,0,1
1786169155925902336,start,0,766,1,1,0,0,2,2,0,0,2
1786169158015099648,end,0,766,-1,-1,0,0,1,1,0,0,1
1786169158473620480,end,0,767,-1,-1,0,0,0,0,0,0,0
1786169158552834560,start,0,768,1,1,0,0,1,1,0,0,1
1786169160086479360,start,0,772,1,1,0,0,2,2,0,0,2
1786169163677352448,start,0,769,1,1,0,0,3,3,0,0,3
1786169175602651648,end,0,768,-1,-1,0,0,2,2,0,0,2
1786169176625657344,start,0,770,1,1,0,0,3,3,0,0,3
1786169194811775232,end,0,769,-1,-1,0,0,2,2,0,0,2
1786169205984037376,end,0,770,-1,-1,0,0,1,1,0,0,1
1786169206911930368,start,0,774,1,1,0,0,2,2,0,0,2
1786169220568097792,start,0,771,1,1,0,0,3,3,0,0,3
1786169228089520128,start,0,800,1,1,0,0,4,4,0,0,4
1786169237048475392,end,0,771,-1,-1,0,0,3,3,0,0,3
1786169248765726208,end,0,772,-1,-1,0,0,2,2,0,0,2
1786169250466143232,start,0,773,1,1,0,0,3,3,0,0,3
1786169256303885056,end,0,773,-1,-1,0,0,2,2,0,0,2
1786169258021510400,start,0,792,1,1,0,0,3,3,0,0,3
1786169258047037952,start,0,779,1,1,0,0,4,4,0,0,4
1786169260888132864,start,0,775,1,0,1,0,5,4,1,0,5
1786169262323651072,end,0,774,-1,-1,0,0,4,3,1,0,4
1786169263590417920,start,0,778,1,0,1,0,5,3,2,0,5
1786169264141932800,end,0,775,-1,0,-1,0,4,3,1,0,4
1786169266539223808,start,0,776,1,0,1,0,5,3,2,0,5
1786169270795790336,end,0,776,-1,0,-1,0,4,3,1,0,4
1786169272791203072,start,0,777,1,0,1,0,5,3,2,0,5
1786169275716698112,end,0,777,-1,0,-1,0,4,3,1,0,4
1786169277476268800,start,0,782,1,0,1,0,5,3,2,0,5
1786169280131866368,end,0,778,-1,0,-1,0,4,3,1,0,4
1786169280526986752,start,0,780,1,0,1,0,5,3,2,0,5
1786169280547520256,end,0,779,-1,-1,0,0,4,2,2,0,4
1786169281773358336,start,0,781,1,0,1,0,5,2,3,0,5
1786169282432654592,start,0,785,1,1,0,0,6,3,3,0,6
1786169283040269568,end,0,780,-1,0,-1,0,5,3,2,0,5
1786169283246252032,start,0,783,1,1,0,0,6,4,2,0,6
1786169284954191104,end,0,781,-1,0,-1,0,5,4,1,0,5
1786169285055896832,end,0,782,-1,0,-1,0,4,4,0,0,4
1786169286074716416,start,0,786,1,0,1,0,5,4,1,0,5
1786169288662094336,start,0,784,1,0,1,0,6,4,2,0,6
1786169289996312832,end,0,783,-1,-1,0,0,5,3,2,0,5
1786169291939893504,end,0,784,-1,0,-1,0,4,3,1,0,4
1786169292438168576,end,0,785,-1,-1,0,0,3,2,1,0,3
1786169292536039168,end,0,786,-1,0,-1,0,2,2,0,0,2
1786169294213968640,start,0,815,1,1,0,0,3,3,0,0,3
1786169294573242624,start,0,788,1,1,0,0,4,4,0,0,4
1786169296953144576,start,0,790,1,0,1,0,5,4,1,0,5
1786169297370205440,start,0,791,1,0,1,0,6,4,2,0,6
1786169301400309248,start,0,787,1,0,1,0,7,4,3,0,7
1786169305133067776,end,0,787,-1,0,-1,0,6,4,2,0,6
1786169305572127488,start,0,789,1,0,1,0,7,4,3,0,7
1786169306988642304,end,0,788,-1,-1,0,0,6,3,3,0,6
1786169309585422080,end,0,789,-1,0,-1,0,5,3,2,0,5
1786169310460269312,end,0,790,-1,0,-1,0,4,3,1,0,4
1786169310669928448,end,0,791,-1,0,-1,0,3,3,0,0,3
1786169311177905408,start,0,793,1,0,1,0,4,3,1,0,4
1786169311662422272,start,0,795,1,0,1,0,5,3,2,0,5
1786169312203954944,start,0,794,1,0,1,0,6,3,3,0,6
1786169313344222208,end,0,792,-1,-1,0,0,5,2,3,0,5
1786169316106238976,end,0,793,-1,0,-1,0,4,2,2,0,4
1786169316487023360,end,0,794,-1,0,-1,0,3,2,1,0,3
1786169317075788032,start,0,796,1,0,1,0,4,2,2,0,4
1786169318599095296,start,0,812,1,1,0,0,5,3,2,0,5
1786169319289635072,end,0,795,-1,0,-1,0,4,3,1,0,4
1786169320320436736,start,0,797,1,0,1,0,5,3,2,0,5
1786169321533894656,end,0,796,-1,0,-1,0,4,3,1,0,4
1786169321755165952,start,0,799,1,0,1,0,5,3,2,0,5
1786169322566927616,start,0,798,1,0,1,0,6,3,3,0,6
1786169327040541184,end,0,797,-1,0,-1,0,5,3,2,0,5
1786169327761741824,end,0,798,-1,0,-1,0,4,3,1,0,4
1786169329986347776,start,0,801,1,0,1,0,5,3,2,0,5
1786169330610446336,end,0,799,-1,0,-1,0,4,3,1,0,4
1786169331090818560,end,0,800,-1,-1,0,0,3,2,1,0,3
1786169331306790912,start,0,802,1,0,1,0,4,2,2,0,4
1786169334469667584,start,0,803,1,0,1,0,5,2,3,0,5
1786169338422988288,end,0,801,-1,0,-1,0,4,2,2,0,4
1786169339518970112,end,0,802,-1,0,-1,0,3,2,1,0,3
1786169339529481984,end,0,803,-1,0,-1,0,2,2,0,0,2
1786169341023374848,start,0,806,1,0,1,0,3,2,1,0,3
1786169341357570560,start,0,805,1,0,1,0,4,2,2,0,4
1786169341814722560,start,0,804,1,0,1,0,5,2,3,0,5
1786169347033632000,start,0,808,1,1,0,0,6,3,3,0,6
1786169347579865600,end,0,804,-1,0,-1,0,5,3,2,0,5
1786169347708852224,end,0,805,-1,0,-1,0,4,3,1,0,4
1786169349041954816,end,0,806,-1,0,-1,0,3,3,0,0,3
1786169349675654656,start,0,810,1,0,1,0,4,3,1,0,4
1786169350450924032,start,0,807,1,0,1,0,5,3,2,0,5
1786169352390475520,start,0,813,1,0,1,0,6,3,3,0,6
1786169354769886464,end,0,807,-1,0,-1,0,5,3,2,0,5
1786169356490780416,start,0,809,1,0,1,0,6,3,3,0,6
1786169357962366464,end,0,808,-1,-1,0,0,5,2,3,0,5
1786169363626270464,end,0,809,-1,0,-1,0,4,2,2,0,4
1786169364911694592,end,0,810,-1,0,-1,0,3,2,1,0,3
1786169365427515392,start,0,816,1,0,1,0,4,2,2,0,4
1786169367126078976,start,0,811,1,0,1,0,5,2,3,0,5
1786169376462654464,end,0,811,-1,0,-1,0,4,2,2,0,4
1786169378569766144,start,0,814,1,0,1,0,5,2,3,0,5
1786169380484132864,end,0,812,-1,-1,0,0,4,1,3,0,4
1786169382678882304,start,0,824,1,1,0,0,5,2,3,0,5
1786169385251009536,end,0,813,-1,0,-1,0,4,2,2,0,4
1786169386109442304,end,0,814,-1,0,-1,0,3,2,1,0,3
1786169388260482304,start,0,817,1,0,1,0,4,2,2,0,4
1786169391056357632,end,0,815,-1,-1,0,0,3,1,2,0,3
1786169391379248384,start,0,818,1,0,1,0,4,1,3,0,4
1786169392913616640,start,0,835,1,1,0,0,5,2,3,0,5
1786169394120667648,end,0,816,-1,0,-1,0,4,2,2,0,4
1786169395397129728,end,0,817,-1,0,-1,0,3,2,1,0,3
1786169395398383616,end,0,818,-1,0,-1,0,2,2,0,0,2
1786169396054761728,start,0,819,1,0,1,0,3,2,1,0,3
1786169396251661568,start,0,822,1,1,0,0,4,3,1,0,4
1786169397601383168,start,0,821,1,0,1,0,5,3,2,0,5
1786169398344498176,start,0,820,1,0,1,0,6,3,3,0,6
1786169398813053440,end,0,819,-1,0,-1,0,5,3,2,0,5
1786169400371948288,start,0,825,1,0,1,0,6,3,3,0,6
1786169401490505984,end,0,820,-1,0,-1,0,5,3,2,0,5
1786169402350644480,start,0,823,1,0,1,0,6,3,3,0,6
1786169405957258496,end,0,821,-1,0,-1,0,5,3,2,0,5
1786169408510165504,start,0,827,1,0,1,0,6,3,3,0,6
1786169428356757504,end,0,822,-1,-1,0,0,5,2,3,0,5
1786169430620525568,end,0,823,-1,0,-1,0,4,2,2,0,4
1786169431502093568,start,0,826,1,0,1,0,5,2,3,0,5
1786169431761596672,end,0,824,-1,-1,0,0,4,1,3,0,4
1786169433803581952,end,0,825,-1,0,-1,0,3,1,2,0,3
1786169433824047872,start,0,850,1,1,0,0,4,2,2,0,4
1786169433931496960,end,0,826,-1,0,-1,0,3,2,1,0,3
1786169435435015168,start,0,828,1,0,1,0,4,2,2,0,4
1786169436620510720,end,0,827,-1,0,-1,0,3,2,1,0,3
1786169438905763328,start,0,830,1,0,1,0,4,2,2,0,4
1786169439530066688,start,0,833,1,0,1,0,5,2,3,0,5
1786169440313973504,end,0,828,-1,0,-1,0,4,2,2,0,4
1786169441429884416,start,0,829,1,0,1,0,5,2,3,0,5
1786169445529130240,end,0,829,-1,0,-1,0,4,2,2,0,4
1786169446108161280,end,0,830,-1,0,-1,0,3,2,1,0,3
1786169446829927424,start,0,831,1,0,1,0,4,2,2,0,4
1786169447766980608,start,0,832,1,0,1,0,5,2,3,0,5
1786169449912537856,end,0,831,-1,0,-1,0,4,2,2,0,4
1786169450842670080,end,0,832,-1,0,-1,0,3,2,1,0,3
1786169452492690944,start,0,834,1,0,1,0,4,2,2,0,4
1786169452584262912,end,0,833,-1,0,-1,0,3,2,1,0,3
1786169452859824896,start,0,836,1,0,1,0,4,2,2,0,4
1786169455075960832,start,0,854,1,0,1,0,5,2,3,0,5
1786169455337121024,end,0,834,-1,0,-1,0,4,2,2,0,4
1786169457292746752,start,0,853,1,0,1,0,5,2,3,0,5
1786169458020855552,start,0,837,1,1,0,0,6,3,3,0,6
1786169466914778624,start,0,838,1,1,0,0,7,4,3,0,7
1786169473208696064,end,0,835,-1,-1,0,0,6,3,3,0,6
1786169475281508608,end,0,836,-1,0,-1,0,5,3,2,0,5
1786169475443493376,start,0,839,1,1,0,0,6,4,2,0,6
1786169476736881664,start,0,841,1,0,1,0,7,4,3,0,7
1786169480487446784,end,0,837,-1,-1,0,0,6,3,3,0,6
1786169486039819520,end,0,838,-1,-1,0,0,5,2,3,0,5
1786169496055328768,start,0,840,1,1,0,0,6,3,3,0,6
1786169514224273920,end,0,839,-1,-1,0,0,5,2,3,0,5
1786169516135937536,start,0,846,1,1,0,0,6,3,3,0,6
1786169516169168640,end,0,840,-1,-1,0,0,5,2,3,0,5
1786169519017150464,end,0,841,-1,0,-1,0,4,2,2,0,4
1786169520716482816,start,0,843,1,0,1,0,5,2,3,0,5
1786169521429380352,start,0,842,1,1,0,0,6,3,3,0,6
1786169523265346048,end,0,842,-1,-1,0,0,5,2,3,0,5
1786169524429265152,start,0,844,1,1,0,0,6,3,3,0,6
1786169526377513472,end,0,843,-1,0,-1,0,5,3,2,0,5
1786169526823420928,end,0,844,-1,-1,0,0,4,2,2,0,4
1786169527449460992,start,0,845,1,1,0,0,5,3,2,0,5
1786169527976759040,start,0,847,1,0,1,0,6,3,3,0,6
1786169529434874880,end,0,845,-1,-1,0,0,5,2,3,0,5
1786169534856856576,start,0,848,1,1,0,0,6,3,3,0,6
1786169536946215424,end,0,846,-1,-1,0,0,5,2,3,0,5
1786169537051385856,start,0,851,1,1,0,0,6,3,3,0,6
1786169539138612224,end,0,847,-1,0,-1,0,5,3,2,0,5
1786169541107241216,start,0,849,1,0,1,0,6,3,3,0,6
1786169549581298944,end,0,848,-1,-1,0,0,5,2,3,0,5
1786169553720404736,end,0,849,-1,0,-1,0,4,2,2,0,4
1786169555611970560,start,0,852,1,0,1,0,5,2,3,0,5
1786169557216352768,end,0,850,-1,-1,0,0,4,1,3,0,4
1786169559211838208,start,0,855,1,1,0,0,5,2,3,0,5
1786169562325661184,start,0,859,1,1,0,0,6,3,3,0,6
1786169562763934976,end,0,851,-1,-1,0,0,5,2,3,0,5
1786169563852395776,end,0,852,-1,0,-1,0,4,2,2,0,4
1786169564308669440,end,0,853,-1,0,-1,0,3,2,1,0,3
1786169565425105152,start,0,861,1,1,0,0,4,3,1,0,4
1786169565429376512,end,0,854,-1,0,-1,0,3,3,0,0,3
1786169565750006528,start,0,856,1,0,1,0,4,3,1,0,4
1786169566069800448,start,0,857,1,0,1,0,5,3,2,0,5
1786169568058118912,start,0,880,1,0,1,0,6,3,3,0,6
1786169571132057088,end,0,855,-1,-1,0,0,5,2,3,0,5
1786169571411840000,end,0,856,-1,0,-1,0,4,2,2,0,4
1786169571592094464,end,0,857,-1,0,-1,0,3,2,1,0,3
1786169573163813376,start,0,858,1,1,0,0,4,3,1,0,4
1786169573501374208,start,0,863,1,0,1,0,5,3,2,0,5
1786169574780540160,start,0,862,1,0,1,0,6,3,3,0,6
1786169589560709120,end,0,858,-1,-1,0,0,5,2,3,0,5
1786169590000255488,start,0,860,1,1,0,0,6,3,3,0,6
1786169591653096960,start,0,868,1,1,0,0,7,4,3,0,7
1786169594111202304,end,0,859,-1,-1,0,0,6,3,3,0,6
1786169597803306240,end,0,860,-1,-1,0,0,5,2,3,0,5
1786169598620609280,end,0,861,-1,-1,0,0,4,1,3,0,4
1786169602556067328,end,0,862,-1,0,-1,0,3,1,2,0,3
1786169603519248384,end,0,863,-1,0,-1,0,2,1,1,0,2
1786169604702538240,start,0,864,1,0,1,0,3,1,2,0,3
1786169605293605888,start,0,865,1,0,1,0,4,1,3,0,4
1786169609049966848,end,0,864,-1,0,-1,0,3,1,2,0,3
1786169609141190400,end,0,865,-1,0,-1,0,2,1,1,0,2
1786169610919642368,start,0,866,1,0,1,0,3,1,2,0,3
1786169610985853184,start,0,869,1,0,1,0,4,1,3,0,4
1786169614872158720,end,0,866,-1,0,-1,0,3,1,2,0,3
1786169616838833920,start,0,867,1,0,1,0,4,1,3,0,4
1786169622118259456,end,0,867,-1,0,-1,0,3,1,2,0,3
1786169624704874752,start,0,882,1,0,1,0,4,1,3,0,4
1786169629514380288,end,0,868,-1,-1,0,0,3,0,3,0,3
1786169631759154432,start,0,873,1,1,0,0,4,1,3,0,4
1786169635500687872,end,0,869,-1,0,-1,0,3,1,2,0,3
1786169637370968832,start,0,870,1,0,1,0,4,1,3,0,4
1786169638962425856,start,0,874,1,1,0,0,5,2,3,0,5
1786169641743630592,end,0,870,-1,0,-1,0,4,2,2,0,4
1786169646166446336,start,0,871,1,0,1,0,5,2,3,0,5
1786169649956185088,end,0,871,-1,0,-1,0,4,2,2,0,4
1786169651914845440,start,0,872,1,0,1,0,5,2,3,0,5
1786169655031201792,end,0,872,-1,0,-1,0,4,2,2,0,4
1786169657012180480,start,0,876,1,0,1,0,5,2,3,0,5
1786169658051678464,end,0,873,-1,-1,0,0,4,1,3,0,4
1786169660664761344,start,0,875,1,1,0,0,5,2,3,0,5
1786169670462291968,end,0,874,-1,-1,0,0,4,1,3,0,4
1786169672484636672,end,0,875,-1,-1,0,0,3,0,3,0,3
1786169673058571264,end,0,876,-1,0,-1,0,2,0,2,0,2
1786169674922157312,start,0,878,1,1,0,0,3,1,2,0,3
1786169675069646592,start,0,877,1,0,1,0,4,1,3,0,4
1786169680362591232,end,0,877,-1,0,-1,0,3,1,2,0,3
1786169681757272064,end,0,878,-1,-1,0,0,2,0,2,0,2
1786169682367736320,start,0,881,1,0,1,0,3,0,3,0,3
1786169684380389888,start,0,879,1,1,0,0,4,1,3,0,4
1786169687574339328,end,0,879,-1,-1,0,0,3,0,3,0,3
1786169690087103232,start,0,894,1,1,0,0,4,1,3,0,4
1786169695546898176,end,0,880,-1,0,-1,0,3,1,2,0,3
1786169698342627072,start,0,884,1,0,1,0,4,1,3,0,4
1786169699716498688,end,0,881,-1,0,-1,0,3,1,2,0,3
1786169701583522304,end,0,882,-1,0,-1,0,2,1,1,0,2
1786169701945486848,start,0,883,1,0,1,0,3,1,2,0,3
1786169707470088448,end,0,883,-1,0,-1,0,2,1,1,0,2
1786169708640615680,end,0,884,-1,0,-1,0,1,1,0,0,1
1786169709240422144,start,0,886,1,1,0,0,2,2,0,0,2
1786169709810379776,start,0,885,1,0,1,0,3,2,1,0,3
1786169713151702528,end,0,885,-1,0,-1,0,2,2,0,0,2
1786169715322590976,start,0,887,1,0,1,0,3,2,1,0,3
1786169718391333888,end,0,886,-1,-1,0,0,2,1,1,0,2
1786169718411894784,start,0,889,1,1,0,0,3,2,1,0,3
1786169719250146048,start,0,888,1,1,0,0,4,3,1,0,4
1786169723578958336,end,0,887,-1,0,-1,0,3,3,0,0,3
1786169728180363520,start,0,890,1,0,1,0,4,3,1,0,4
1786169733818595072,start,0,891,1,1,0,0,5,4,1,0,5
1786169734490592000,end,0,888,-1,-1,0,0,4,3,1,0,4
1786169734953787648,end,0,889,-1,-1,0,0,3,2,1,0,3
1786169735595141120,end,0,890,-1,0,-1,0,2,2,0,0,2
1786169737882142208,start,0,892,1,0,1,0,3,2,1,0,3
1786169754595194880,end,0,891,-1,-1,0,0,2,1,1,0,2
1786169757002616320,end,0,892,-1,0,-1,0,1,1,0,0,1
1786169759171995904,start,0,893,1,0,1,0,2,1,1,0,2
1786169763806354432,end,0,893,-1,0,-1,0,1,1,0,0,1
1786169765945764608,start,0,904,1,0,1,0,2,1,1,0,2
1786169768151644672,end,0,894,-1,-1,0,0,1,0,1,0,1
1786169770549422080,start,0,895,1,1,0,0,2,1,1,0,2
1786169773004584192,start,0,896,1,1,0,0,3,2,1,0,3
1786169783111644672,end,0,895,-1,-1,0,0,2,1,1,0,2
1786169785573047296,start,0,897,1,1,0,0,3,2,1,0,3
1786169806960979968,end,0,896,-1,-1,0,0,2,1,1,0,2
1786169820924391936,end,0,897,-1,-1,0,0,1,0,1,0,1
1786169823426488064,start,0,898,1,1,0,0,2,1,1,0,2
1786169862766487296,start,0,901,1,1,0,0,3,2,1,0,3
1786169874753261312,end,0,898,-1,-1,0,0,2,1,1,0,2
1786169874764802048,start,0,899,1,0,1,0,3,1,2,0,3
1786169877488334592,start,0,905,1,1,0,0,4,2,2,0,4
1786169879043784960,end,0,899,-1,0,-1,0,3,2,1,0,3
1786169882671198720,start,0,900,1,0,1,0,4,2,2,0,4
1786169886551653888,end,0,900,-1,0,-1,0,3,2,1,0,3
1786169887391927040,start,0,906,1,0,1,0,4,2,2,0,4
1786169891698225408,end,0,901,-1,-1,0,0,3,1,2,0,3
1786169891714876416,start,0,902,1,1,0,0,4,2,2,0,4
1786169892488148736,end,0,902,-1,-1,0,0,3,1,2,0,3
1786169892494239488,start,0,903,1,1,0,0,4,2,2,0,4
1786169894113752320,start,0,915,1,1,0,0,5,3,2,0,5
1786169897806820352,start,0,909,1,1,0,0,6,4,2,0,6
1786169898236986112,end,0,903,-1,-1,0,0,5,3,2,0,5
1786169898853266688,start,0,907,1,1,0,0,6,4,2,0,6
1786169899942430720,end,0,904,-1,0,-1,0,5,4,1,0,5
1786169899946178048,start,0,931,1,1,0,0,6,5,1,0,6
1786169900989239808,end,0,905,-1,-1,0,0,5,4,1,0,5
1786169903669548544,start,0,914,1,1,0,0,6,5,1,0,6
1786169904881347072,end,0,906,-1,0,-1,0,5,5,0,0,5
1786169905688138496,start,0,908,1,0,1,0,6,5,1,0,6
1786169906063826688,end,0,907,-1,-1,0,0,5,4,1,0,5
1786169908556369152,start,0,910,1,1,0,0,6,5,1,0,6
1786169910067796480,end,0,908,-1,0,-1,0,5,5,0,0,5
1786169910090245632,end,0,909,-1,-1,0,0,4,4,0,0,4
1786169910826507008,end,0,910,-1,-1,0,0,3,3,0,0,3
1786169911368161280,start,0,911,1,0,1,0,4,3,1,0,4
1786169911925849344,start,0,913,1,1,0,0,5,4,1,0,5
1786169912181586432,start,0,912,1,1,0,0,6,5,1,0,6
1786169916410163712,end,0,911,-1,0,-1,0,5,5,0,0,5
1786169916437817856,end,0,912,-1,-1,0,0,4,4,0,0,4
1786169917203962368,start,0,916,1,0,1,0,5,4,1,0,5
1786169917750932480,end,0,913,-1,-1,0,0,4,3,1,0,4
1786169918200183040,start,0,932,1,1,0,0,5,4,1,0,5
1786169920264657152,end,0,914,-1,-1,0,0,4,3,1,0,4
1786169920532205824,start,0,917,1,1,0,0,5,4,1,0,5
1786169921278703872,end,0,915,-1,-1,0,0,4,3,1,0,4
1786169922781566464,start,0,919,1,1,0,0,5,4,1,0,5
1786169922896863488,end,0,916,-1,0,-1,0,4,4,0,0,4
1786169923813583104,start,0,918,1,0,1,0,5,4,1,0,5
1786169924555471104,start,0,922,1,1,0,0,6,5,1,0,6
1786169924647360768,end,0,917,-1,-1,0,0,5,4,1,0,5
1786169926716679680,start,0,921,1,1,0,0,6,5,1,0,6
1786169929481506304,start,0,923,1,1,0,0,7,6,1,0,7
1786169930161831936,end,0,918,-1,0,-1,0,6,6,0,0,6
1786169931071016448,start,0,920,1,0,1,0,7,6,1,0,7
1786169934461138688,end,0,919,-1,-1,0,0,6,5,1,0,6
1786169935031317760,end,0,920,-1,0,-1,0,5,5,0,0,5
1786169936006490624,start,0,934,1,0,1,0,6,5,1,0,6
1786169936905578496,start,0,926,1,1,0,0,7,6,1,0,7
1786169943934056192,end,0,921,-1,-1,0,0,6,5,1,0,6
1786169948464060672,end,0,922,-1,-1,0,0,5,4,1,0,5
1786169949887165696,start,0,924,1,1,0,0,6,5,1,0,6
1786169956205715456,end,0,923,-1,-1,0,0,5,4,1,0,5
1786169957868632064,start,0,925,1,1,0,0,6,5,1,0,6
1786169979110504704,end,0,924,-1,-1,0,0,5,4,1,0,5
1786169982147321088,start,0,927,1,1,0,0,6,5,1,0,6
1786170001350844416,end,0,925,-1,-1,0,0,5,4,1,0,5
1786170003333976064,start,0,940,1,1,0,0,6,5,1,0,6
1786170006239633664,end,0,926,-1,-1,0,0,5,4,1,0,5
1786170008790760704,end,0,927,-1,-1,0,0,4,3,1,0,4
1786170009039517440,start,0,928,1,1,0,0,5,4,1,0,5
1786170034497167104,start,0,933,1,1,0,0,6,5,1,0,6
1786170043568898304,end,0,928,-1,-1,0,0,5,4,1,0,5
1786170046067825920,start,0,944,1,1,0,0,6,5,1,0,6
1786170047154651904,start,0,929,1,1,0,0,7,6,1,0,7
1786170049611535872,end,0,929,-1,-1,0,0,6,5,1,0,6
1786170054600849920,start,0,930,1,1,0,0,7,6,1,0,7
1786170074774460416,end,0,930,-1,-1,0,0,6,5,1,0,6
1786170077484051200,end,0,931,-1,-1,0,0,5,4,1,0,5
1786170085855922176,end,0,932,-1,-1,0,0,4,3,1,0,4
1786170088236065792,start,0,935,1,1,0,0,5,4,1,0,5
1786170089694233088,end,0,933,-1,-1,0,0,4,3,1,0,4
1786170092122512384,end,0,934,-1,0,-1,0,3,3,0,0,3
1786170092276824320,start,0,937,1,1,0,0,4,4,0,0,4
1786170092985581568,start,0,936,1,0,1,0,5,4,1,0,5
1786170098083599360,end,0,935,-1,-1,0,0,4,3,1,0,4
1786170105522256384,end,0,936,-1,0,-1,0,3,3,0,0,3
1786170106404924416,start,0,938,1,0,1,0,4,3,1,0,4
1786170109104002816,end,0,937,-1,-1,0,0,3,2,1,0,3
1786170111316589312,end,0,938,-1,0,-1,0,2,2,0,0,2
1786170112252325376,start,0,939,1,0,1,0,3,2,1,0,3
1786170112887005696,start,0,949,1,1,0,0,4,3,1,0,4
1786170116887187456,end,0,939,-1,0,-1,0,3,3,0,0,3
1786170117777831424,start,0,941,1,0,1,0,4,3,1,0,4
1786170121079702528,end,0,940,-1,-1,0,0,3,2,1,0,3
1786170124532743680,start,0,943,1,1,0,0,4,3,1,0,4
1786170129103973376,end,0,941,-1,0,-1,0,3,3,0,0,3
1786170130077740288,start,0,942,1,0,1,0,4,3,1,0,4
1786170134472480000,end,0,942,-1,0,-1,0,3,3,0,0,3
1786170135116158720,end,0,943,-1,-1,0,0,2,2,0,0,2
1786170135418001152,start,0,945,1,0,1,0,3,2,1,0,3
1786170136564552192,start,0,948,1,1,0,0,4,3,1,0,4
1786170136893638912,start,0,947,1,1,0,0,5,4,1,0,5
1786170137525587712,end,0,944,-1,-1,0,0,4,3,1,0,4
1786170140124952064,start,0,951,1,1,0,0,5,4,1,0,5
1786170140230693632,end,0,945,-1,0,-1,0,4,4,0,0,4
1786170141212254976,start,0,946,1,0,1,0,5,4,1,0,5
1786170148393073152,end,0,946,-1,0,-1,0,4,4,0,0,4
1786170149434660096,start,0,950,1,0,1,0,5,4,1,0,5
1786170158160901632,end,0,947,-1,-1,0,0,4,3,1,0,4
1786170160811517440,start,0,952,1,1,0,0,5,4,1,0,5
1786170170174404608,end,0,948,-1,-1,0,0,4,3,1,0,4
1786170175148952320,end,0,949,-1,-1,0,0,3,2,1,0,3
1786170176105605376,end,0,950,-1,0,-1,0,2,2,0,0,2
1786170177122687744,start,0,953,1,0,1,0,3,2,1,0,3
1786170178569806592,end,0,951,-1,-1,0,0,2,1,1,0,2
1786170181214788608,start,0,954,1,1,0,0,3,2,1,0,3
1786170182474023936,start,0,956,1,1,0,0,4,3,1,0,4
1786170184618061568,end,0,952,-1,-1,0,0,3,2,1,0,3
1786170185453622016,end,0,953,-1,0,-1,0,2,2,0,0,2
1786170186462976000,start,0,955,1,0,1,0,3,2,1,0,3
1786170191723508992,end,0,954,-1,-1,0,0,2,1,1,0,2
1786170202206860032,end,0,955,-1,0,-1,0,1,1,0,0,1
1786170207328499200,end,0,956,-1,-1,0,0,0,0,0,0,0
