exact_source_key,left_concurrency,right_concurrency,left_record_count,right_record_count,left_source_trace_id,left_source_outer_idx,left_source_inner_idx,left_source_outer_idx_exact_key_normalized,left_source_inner_idx_exact_key_normalized,left_source_request_index,left_source_conversation_path,right_source_conversation_path,left_source_branch_type,right_source_branch_type,left_turn_index,right_turn_index,source_path_validation,turn_index_validation,match_validation_status,left_benchmark_phase,right_benchmark_phase,left_input_sequence_length,right_input_sequence_length,left_source_input_tokens,right_source_input_tokens,left_output_tokens,right_output_tokens,same_output_length,left_ttft_ms,right_ttft_ms,ttft_ratio_right_over_left,left_itl_ms,right_itl_ms,itl_ratio_right_over_left,left_decode_tps,right_decode_tps,decode_tps_ratio_right_over_left,left_e2e_ms,right_e2e_ms,e2e_ratio_right_over_left,strict_ttft_subset,strict_decode_subset,matching_method
07dd40536557a1d6440a923557c3129dc929|10|0,8,12,1,1,07dd40536557a1d6440a923557c3129dc929,10.0,0.0,10.0,0.0,102.0,07dd40536557a1d6440a923557c3129dc929::sa:subagent_003_35f49cca,07dd40536557a1d6440a923557c3129dc929::sa:subagent_003_35f49cca,subagent,subagent,0.0,0.0,match,match,high_confidence_exact,profiling,profiling,30798.0,30797.0,30784.0,30784.0,125.0,125.0,True,765.67404,1909.853613,2.4943429099411545,11.110842766129032,20.17064519354839,1.8154019112787563,90.0021736468507,49.57699619444258,0.5508422095334289,2143.4185429999998,4411.013617,2.057933869894677,True,True,source_trace_id+source_outer_idx+source_inner_idx; source-key median per concurrency
07dd40536557a1d6440a923557c3129dc929|10|1,8,12,1,1,07dd40536557a1d6440a923557c3129dc929,10.0,1.0,10.0,1.0,103.0,07dd40536557a1d6440a923557c3129dc929::sa:subagent_003_35f49cca,07dd40536557a1d6440a923557c3129dc929::sa:subagent_003_35f49cca,subagent,subagent,1.0,1.0,match,match,high_confidence_exact,profiling,profiling,33232.0,33231.0,33216.0,33216.0,140.0,140.0,True,666.473083,1262.143593,1.8937652925437052,10.8903355323741,10.95709864028777,1.0061304913622908,91.82453534395366,91.26503583011795,0.993906862564129,2180.229722,2785.180304,1.2774710278901518,True,True,source_trace_id+source_outer_idx+source_inner_idx; source-key median per concurrency
07dd40536557a1d6440a923557c3129dc929|10|10,8,12,1,1,07dd40536557a1d6440a923557c3129dc929,10.0,10.0,10.0,10.0,112.0,07dd40536557a1d6440a923557c3129dc929::sa:subagent_003_35f49cca,07dd40536557a1d6440a923557c3129dc929::sa:subagent_003_35f49cca,subagent,subagent,10.0,10.0,match,match,high_confidence_exact,profiling,profiling,76704.0,76703.0,76672.0,76672.0,112.0,112.0,True,920.888831,6692.101992999999,7.267003103656927,10.957673945945945,10.534778108108108,0.961406422574355,91.26024418439408,94.9236889223465,1.040142832957474,2137.190639,7861.462363,3.6784095061722755,True,True,source_trace_id+source_outer_idx+source_inner_idx; source-key median per concurrency
07dd40536557a1d6440a923557c3129dc929|10|11,8,12,1,1,07dd40536557a1d6440a923557c3129dc929,10.0,11.0,10.0,11.0,113.0,07dd40536557a1d6440a923557c3129dc929::sa:subagent_003_35f49cca,07dd40536557a1d6440a923557c3129dc929::sa:subagent_003_35f49cca,subagent,subagent,11.0,11.0,match,match,high_confidence_exact,profiling,profiling,77923.0,77922.0,77888.0,77888.0,236.0,236.0,True,884.818326,1164.423315,1.3160027101427825,10.754122161702128,10.566004110638298,0.9825073540884851,92.98759907723823,94.64315833392095,1.0178040864923028,3412.037034,3647.434281,1.0689902379881377,True,True,source_trace_id+source_outer_idx+source_inner_idx; source-key median per concurrency
07dd40536557a1d6440a923557c3129dc929|10|12,8,12,1,1,07dd40536557a1d6440a923557c3129dc929,10.0,12.0,10.0,12.0,114.0,07dd40536557a1d6440a923557c3129dc929::sa:subagent_003_35f49cca,07dd40536557a1d6440a923557c3129dc929::sa:subagent_003_35f49cca,subagent,subagent,12.0,12.0,match,match,high_confidence_exact,profiling,profiling,80871.0,80870.0,80832.0,80832.0,193.0,193.0,True,1154.6766519999999,18124.579759,15.696671208867572,10.630920484375,10.850126156249999,1.020619632344836,94.06523183667578,92.16482698903643,0.9797969471766252,3195.813385,20207.803980999997,6.323211510361704,True,True,source_trace_id+source_outer_idx+source_inner_idx; source-key median per concurrency
07dd40536557a1d6440a923557c3129dc929|10|13,8,12,1,1,07dd40536557a1d6440a923557c3129dc929,10.0,13.0,10.0,13.0,115.0,07dd40536557a1d6440a923557c3129dc929::sa:subagent_003_35f49cca,07dd40536557a1d6440a923557c3129dc929::sa:subagent_003_35f49cca,subagent,subagent,13.0,13.0,match,match,high_confidence_exact,profiling,profiling,82475.0,82474.0,82432.0,82432.0,111.0,111.0,True,3306.623982,3901.855569,1.1800118762339515,15.818642509090909,10.482596409090908,0.6626735766401323,63.21654967708538,95.39621301577172,1.509038590417578,5046.674658,5054.941174,1.001638012465673,True,True,source_trace_id+source_outer_idx+source_inner_idx; source-key median per concurrency
07dd40536557a1d6440a923557c3129dc929|10|14,8,12,1,1,07dd40536557a1d6440a923557c3129dc929,10.0,14.0,10.0,14.0,116.0,07dd40536557a1d6440a923557c3129dc929::sa:subagent_003_35f49cca,07dd40536557a1d6440a923557c3129dc929::sa:subagent_003_35f49cca,subagent,subagent,14.0,14.0,match,match,high_confidence_exact,profiling,profiling,82671.0,82670.0,82624.0,82624.0,129.0,129.0,True,807.007291,21234.890508,26.31313340637464,10.729254359375,10.478770367187499,0.9766541099877427,93.20312171798041,95.4310443839223,1.0239039489759074,2180.3518489999997,22576.173114999998,10.354371531986626,True,True,source_trace_id+source_outer_idx+source_inner_idx; source-key median per concurrency
07dd40536557a1d6440a923557c3129dc929|10|15,8,12,1,1,07dd40536557a1d6440a923557c3129dc929,10.0,15.0,10.0,15.0,117.0,07dd40536557a1d6440a923557c3129dc929::sa:subagent_003_35f49cca,07dd40536557a1d6440a923557c3129dc929::sa:subagent_003_35f49cca,subagent,subagent,15.0,15.0,match,match,high_confidence_exact,profiling,profiling,83123.0,83122.0,83072.0,83072.0,2426.0,2426.0,True,869.967641,4072.1852759999997,4.6808468316352005,11.057801765773196,10.955380292371133,0.9907376280049546,90.43388742012567,91.27935072197886,1.0093489655921286,27685.136923,30638.982484999997,1.106694273184036,True,True,source_trace_id+source_outer_idx+source_inner_idx; source-key median per concurrency
07dd40536557a1d6440a923557c3129dc929|10|2,8,12,1,1,07dd40536557a1d6440a923557c3129dc929,10.0,2.0,10.0,2.0,104.0,07dd40536557a1d6440a923557c3129dc929::sa:subagent_003_35f49cca,07dd40536557a1d6440a923557c3129dc929::sa:subagent_003_35f49cca,subagent,subagent,2.0,2.0,match,match,high_confidence_exact,profiling,profiling,48005.0,48004.0,48000.0,48000.0,138.0,138.0,True,1312.0290169999998,1268.859231,0.9670969273997391,10.7365610729927,10.960679153284671,1.0208742891479219,93.13969279376165,91.23522238129945,0.979552537104892,2782.937884,2770.472275,0.9955207016758554,True,True,source_trace_id+source_outer_idx+source_inner_idx; source-key median per concurrency
07dd40536557a1d6440a923557c3129dc929|10|3,8,12,1,1,07dd40536557a1d6440a923557c3129dc929,10.0,3.0,10.0,3.0,105.0,07dd40536557a1d6440a923557c3129dc929::sa:subagent_003_35f49cca,07dd40536557a1d6440a923557c3129dc929::sa:subagent_003_35f49cca,subagent,subagent,3.0,3.0,match,match,high_confidence_exact,profiling,profiling,66441.0,66440.0,66432.0,66432.0,139.0,139.0,True,3603.6273079999996,2611.243353,0.7246152639600322,10.655618956521737,10.799549775362317,1.013507504296828,93.84719968688006,92.59645270410827,0.9866725167405646,5074.102723999999,4101.581222,0.808336260635783,True,True,source_trace_id+source_outer_idx+source_inner_idx; source-key median per concurrency
07dd40536557a1d6440a923557c3129dc929|10|4,8,12,1,1,07dd40536557a1d6440a923557c3129dc929,10.0,4.0,10.0,4.0,106.0,07dd40536557a1d6440a923557c3129dc929::sa:subagent_003_35f49cca,07dd40536557a1d6440a923557c3129dc929::sa:subagent_003_35f49cca,subagent,subagent,4.0,4.0,match,match,high_confidence_exact,profiling,profiling,71241.0,71240.0,71232.0,71232.0,229.0,229.0,True,1432.965809,1229.133501,0.8577549396365255,10.395934942982455,10.844842192982455,1.0431810368631658,96.19144458719683,92.20973271949369,0.958606382461657,3803.2389759999996,3701.757521,0.973317097442367,True,True,source_trace_id+source_outer_idx+source_inner_idx; source-key median per concurrency
07dd40536557a1d6440a923557c3129dc929|10|5,8,12,1,1,07dd40536557a1d6440a923557c3129dc929,10.0,5.0,10.0,5.0,107.0,07dd40536557a1d6440a923557c3129dc929::sa:subagent_003_35f49cca,07dd40536557a1d6440a923557c3129dc929::sa:subagent_003_35f49cca,subagent,subagent,5.0,5.0,match,match,high_confidence_exact,profiling,profiling,72269.0,72268.0,72256.0,72256.0,308.0,308.0,True,1179.590183,1705.642689,1.445962092243014,10.70405883061889,16.39735821498371,1.531882295721243,93.42250596937177,60.98543356125573,0.6527916686504811,4465.736244,6739.631660999999,1.5091871290103893,True,True,source_trace_id+source_outer_idx+source_inner_idx; source-key median per concurrency
07dd40536557a1d6440a923557c3129dc929|10|6,8,12,1,1,07dd40536557a1d6440a923557c3129dc929,10.0,6.0,10.0,6.0,108.0,07dd40536557a1d6440a923557c3129dc929::sa:subagent_003_35f49cca,07dd40536557a1d6440a923557c3129dc929::sa:subagent_003_35f49cca,subagent,subagent,6.0,6.0,match,match,high_confidence_exact,profiling,profiling,72975.0,72974.0,72960.0,72960.0,231.0,231.0,True,855.0807189999999,1808.1984289999998,2.114652323250432,10.293104369565217,10.935573669565217,1.0624174473446186,97.15242011504448,91.44467681499864,0.9412496024979417,3222.4947239999997,4323.380373,1.341625275846379,True,True,source_trace_id+source_outer_idx+source_inner_idx; source-key median per concurrency
07dd40536557a1d6440a923557c3129dc929|10|7,8,12,1,1,07dd40536557a1d6440a923557c3129dc929,10.0,7.0,10.0,7.0,109.0,07dd40536557a1d6440a923557c3129dc929::sa:subagent_003_35f49cca,07dd40536557a1d6440a923557c3129dc929::sa:subagent_003_35f49cca,subagent,subagent,7.0,7.0,match,match,high_confidence_exact,profiling,profiling,74322.0,74321.0,74304.0,74304.0,240.0,240.0,True,1008.331741,1573.848988,1.5608444364145033,10.891603744769874,10.667862225941423,0.9794574312404736,91.81384334517293,93.73949333243769,1.020973416612409,3611.4250359999996,4123.46806,1.1417842039903277,True,True,source_trace_id+source_outer_idx+source_inner_idx; source-key median per concurrency
07dd40536557a1d6440a923557c3129dc929|10|8,8,12,1,1,07dd40536557a1d6440a923557c3129dc929,10.0,8.0,10.0,8.0,110.0,07dd40536557a1d6440a923557c3129dc929::sa:subagent_003_35f49cca,07dd40536557a1d6440a923557c3129dc929::sa:subagent_003_35f49cca,subagent,subagent,8.0,8.0,match,match,high_confidence_exact,profiling,profiling,74902.0,74901.0,74880.0,74880.0,84.0,84.0,True,880.408519,1211.9223399999998,1.3765454488974564,10.835250867469878,10.872542771084335,1.003441720369061,92.2913564467851,91.97480488736385,0.9965700844411819,1779.7343409999999,2114.34339,1.1880106717567687,True,True,source_trace_id+source_outer_idx+source_inner_idx; source-key median per concurrency
07dd40536557a1d6440a923557c3129dc929|10|9,8,12,1,1,07dd40536557a1d6440a923557c3129dc929,10.0,9.0,10.0,9.0,111.0,07dd40536557a1d6440a923557c3129dc929::sa:subagent_003_35f49cca,07dd40536557a1d6440a923557c3129dc929::sa:subagent_003_35f49cca,subagent,subagent,9.0,9.0,match,match,high_confidence_exact,profiling,profiling,75482.0,75481.0,75456.0,75456.0,112.0,112.0,True,740.397705,1050.816984,1.419260185308111,14.73393745045045,10.875645234234234,0.7381357000332414,67.87052024368596,91.94856750680053,1.3547644423037197,2375.8647619999997,2258.013605,0.9503965213488024,True,True,source_trace_id+source_outer_idx+source_inner_idx; source-key median per concurrency
07dd40536557a1d6440a923557c3129dc929|11|-1,8,12,1,1,07dd40536557a1d6440a923557c3129dc929,11.0,,11.0,-1.0,118.0,07dd40536557a1d6440a923557c3129dc929,07dd40536557a1d6440a923557c3129dc929,root,root,8.0,8.0,match,match,high_confidence_exact,profiling,profiling,72716.0,72715.0,72704.0,72704.0,2.0,2.0,True,6376.332963,3587.0367739999997,0.562554809294704,34.257912999999995,35.915908,1.048397431565665,29.19033625895425,27.84281550114228,0.9538367511131834,6410.590875999999,3622.9526819999996,0.5651511306958656,True,True,source_trace_id+source_outer_idx+source_inner_idx; source-key median per concurrency
07dd40536557a1d6440a923557c3129dc929|7|-1,8,12,1,1,07dd40536557a1d6440a923557c3129dc929,7.0,,7.0,-1.0,7.0,07dd40536557a1d6440a923557c3129dc929,07dd40536557a1d6440a923557c3129dc929,root,root,7.0,7.0,match,match,high_confidence_exact,profiling,profiling,61264.0,61263.0,61248.0,61248.0,4091.0,4091.0,True,1155.2709109999998,837.1556989999999,0.7246401610470395,10.523174633251834,10.666009498533006,1.0135733626266956,95.02835739702854,93.75577624767156,0.9866084063303322,44195.055161,44461.134547999995,1.0060205691797575,True,True,source_trace_id+source_outer_idx+source_inner_idx; source-key median per concurrency
07dd40536557a1d6440a923557c3129dc929|8|0,8,12,1,1,07dd40536557a1d6440a923557c3129dc929,8.0,0.0,8.0,0.0,8.0,07dd40536557a1d6440a923557c3129dc929::sa:subagent_001_1a28c42b,07dd40536557a1d6440a923557c3129dc929::sa:subagent_001_1a28c42b,subagent,subagent,0.0,0.0,match,match,high_confidence_exact,profiling,profiling,30926.0,30925.0,30912.0,30912.0,125.0,125.0,True,1531.2402519999998,1666.0028129999998,1.0880087633694207,10.728569322580645,10.46265308064516,0.9752141936226477,93.20907289057442,95.57805198089746,1.0254157563942747,2861.582848,2963.371795,1.035570854456002,True,True,source_trace_id+source_outer_idx+source_inner_idx; source-key median per concurrency
07dd40536557a1d6440a923557c3129dc929|8|1,8,12,1,1,07dd40536557a1d6440a923557c3129dc929,8.0,1.0,8.0,1.0,9.0,07dd40536557a1d6440a923557c3129dc929::sa:subagent_001_1a28c42b,07dd40536557a1d6440a923557c3129dc929::sa:subagent_001_1a28c42b,subagent,subagent,1.0,1.0,match,match,high_confidence_exact,profiling,profiling,33104.0,33103.0,33088.0,33088.0,197.0,197.0,True,2097.9133659999998,3364.86239,1.6039091244342643,10.753431025510205,10.335292734693876,0.9611158252817743,92.99357550420092,96.75584675440925,1.0404573243883752,4205.585846999999,5390.579766,1.2817666698791323,True,True,source_trace_id+source_outer_idx+source_inner_idx; source-key median per concurrency
07dd40536557a1d6440a923557c3129dc929|8|10,8,12,1,1,07dd40536557a1d6440a923557c3129dc929,8.0,10.0,8.0,10.0,18.0,07dd40536557a1d6440a923557c3129dc929::sa:subagent_001_1a28c42b,07dd40536557a1d6440a923557c3129dc929::sa:subagent_001_1a28c42b,subagent,subagent,10.0,10.0,match,match,high_confidence_exact,profiling,profiling,89573.0,89572.0,89536.0,89536.0,140.0,140.0,True,1656.3692489999999,1958.151504,1.1821950360296747,10.655752489208632,10.596579863309351,0.9944468843510389,93.84602363960002,94.37007156077775,1.0055841249405542,3137.518845,3431.0761049999996,1.0935635049548202,True,True,source_trace_id+source_outer_idx+source_inner_idx; source-key median per concurrency
07dd40536557a1d6440a923557c3129dc929|8|11,8,12,1,1,07dd40536557a1d6440a923557c3129dc929,8.0,11.0,8.0,11.0,19.0,07dd40536557a1d6440a923557c3129dc929::sa:subagent_001_1a28c42b,07dd40536557a1d6440a923557c3129dc929::sa:subagent_001_1a28c42b,subagent,subagent,11.0,11.0,match,match,high_confidence_exact,profiling,profiling,96488.0,96487.0,96448.0,96448.0,293.0,293.0,True,70141.215556,1855.388003,0.02645217919724642,11.468930585616437,10.819518078767123,0.9433763678312114,87.19208757389576,92.42555839547609,1.0600223135745537,73490.143287,5014.687282,0.0682361886602427,True,True,source_trace_id+source_outer_idx+source_inner_idx; source-key median per concurrency
07dd40536557a1d6440a923557c3129dc929|8|12,8,12,1,1,07dd40536557a1d6440a923557c3129dc929,8.0,12.0,8.0,12.0,20.0,07dd40536557a1d6440a923557c3129dc929::sa:subagent_001_1a28c42b,07dd40536557a1d6440a923557c3129dc929::sa:subagent_001_1a28c42b,subagent,subagent,12.0,12.0,match,match,high_confidence_exact,profiling,profiling,97579.0,97578.0,97536.0,97536.0,265.0,265.0,True,3925.7493719999998,9145.944081,2.3297320369538865,12.202551333333334,13.659450484848485,1.1193929950972945,81.95007524929076,73.2093872377394,0.8933413058503933,7147.222924,12752.039009,1.78419494460979,True,True,source_trace_id+source_outer_idx+source_inner_idx; source-key median per concurrency
07dd40536557a1d6440a923557c3129dc929|8|13,8,12,1,1,07dd40536557a1d6440a923557c3129dc929,8.0,13.0,8.0,13.0,21.0,07dd40536557a1d6440a923557c3129dc929::sa:subagent_001_1a28c42b,07dd40536557a1d6440a923557c3129dc929::sa:subagent_001_1a28c42b,subagent,subagent,13.0,13.0,match,match,high_confidence_exact,profiling,profiling,99182.0,99181.0,99136.0,99136.0,237.0,237.0,True,948.767041,2650.7327109999997,2.7938709888215856,11.529347894067795,10.668598271186442,0.9253427313678134,86.73517437309103,93.73302608092217,1.0806806668506816,3669.693144,5168.521903,1.40843435682098,True,True,source_trace_id+source_outer_idx+source_inner_idx; source-key median per concurrency
07dd40536557a1d6440a923557c3129dc929|8|14,8,12,1,1,07dd40536557a1d6440a923557c3129dc929,8.0,14.0,8.0,14.0,22.0,07dd40536557a1d6440a923557c3129dc929::sa:subagent_001_1a28c42b,07dd40536557a1d6440a923557c3129dc929::sa:subagent_001_1a28c42b,subagent,subagent,14.0,14.0,match,match,high_confidence_exact,profiling,profiling,99506.0,99505.0,99456.0,99456.0,405.0,405.0,True,1013.909806,2315.1389249999997,2.2833775857573664,11.438017900990099,10.426915245049504,0.9116015847594475,87.42773517721439,95.90564193708015,1.0969704492822696,5634.869038,6527.612684,1.1584320132339516,True,True,source_trace_id+source_outer_idx+source_inner_idx; source-key median per concurrency
07dd40536557a1d6440a923557c3129dc929|8|15,8,12,1,1,07dd40536557a1d6440a923557c3129dc929,8.0,15.0,8.0,15.0,23.0,07dd40536557a1d6440a923557c3129dc929::sa:subagent_001_1a28c42b,07dd40536557a1d6440a923557c3129dc929::sa:subagent_001_1a28c42b,subagent,subagent,15.0,15.0,match,match,high_confidence_exact,profiling,profiling,100981.0,100980.0,100928.0,100928.0,318.0,318.0,True,925.1725379999999,1445.639351,1.5625618915636255,11.385293785488958,10.473884400630915,0.9199485404566659,87.832603957444,95.47556205028987,1.0870173232772307,4534.310668,4765.8607059999995,1.0510662049766721,True,True,source_trace_id+source_outer_idx+source_inner_idx; source-key median per concurrency
07dd40536557a1d6440a923557c3129dc929|8|16,8,12,1,1,07dd40536557a1d6440a923557c3129dc929,8.0,16.0,8.0,16.0,24.0,07dd40536557a1d6440a923557c3129dc929::sa:subagent_001_1a28c42b,07dd40536557a1d6440a923557c3129dc929::sa:subagent_001_1a28c42b,subagent,subagent,16.0,16.0,match,match,high_confidence_exact,profiling,profiling,101752.0,101751.0,101696.0,101696.0,368.0,368.0,True,945.095322,1405.18033,1.486813337543956,11.667177920980926,10.456287970027248,0.8962139808654026,85.71052972473436,95.63623370611838,1.115804954341796,5226.949619,5242.6380149999995,1.0030014438905193,True,True,source_trace_id+source_outer_idx+source_inner_idx; source-key median per concurrency
07dd40536557a1d6440a923557c3129dc929|8|17,8,12,1,1,07dd40536557a1d6440a923557c3129dc929,8.0,17.0,8.0,17.0,25.0,07dd40536557a1d6440a923557c3129dc929::sa:subagent_001_1a28c42b,07dd40536557a1d6440a923557c3129dc929::sa:subagent_001_1a28c42b,subagent,subagent,17.0,17.0,match,match,high_confidence_exact,profiling,profiling,102652.0,102651.0,102592.0,102592.0,280.0,280.0,True,930.0515439999999,1413.822046,1.5201545066194742,10.750934397849463,10.829253799283153,1.0072848925065858,93.01517086738365,92.34246592929564,0.9927677933415064,3929.5622409999996,4435.183856,1.1286712320584924,True,True,source_trace_id+source_outer_idx+source_inner_idx; source-key median per concurrency
07dd40536557a1d6440a923557c3129dc929|8|18,8,12,1,1,07dd40536557a1d6440a923557c3129dc929,8.0,18.0,8.0,18.0,26.0,07dd40536557a1d6440a923557c3129dc929::sa:subagent_001_1a28c42b,07dd40536557a1d6440a923557c3129dc929::sa:subagent_001_1a28c42b,subagent,subagent,18.0,18.0,match,match,high_confidence_exact,profiling,profiling,103743.0,103742.0,103680.0,103680.0,393.0,393.0,True,1047.0677739999999,1404.780065,1.3416324137581568,12.360007846938775,10.743244528061224,0.8691939892839164,80.90609750281605,93.08174987435241,1.150491158853788,5892.19085,5616.13192,0.9531483387032516,True,True,source_trace_id+source_outer_idx+source_inner_idx; source-key median per concurrency
07dd40536557a1d6440a923557c3129dc929|8|19,8,12,1,1,07dd40536557a1d6440a923557c3129dc929,8.0,19.0,8.0,19.0,27.0,07dd40536557a1d6440a923557c3129dc929::sa:subagent_001_1a28c42b,07dd40536557a1d6440a923557c3129dc929::sa:subagent_001_1a28c42b,subagent,subagent,19.0,19.0,match,match,high_confidence_exact,profiling,profiling,104514.0,104513.0,104448.0,104448.0,328.0,328.0,True,1899.278601,17829.765543999998,9.387651466515942,10.478475501529052,10.592176434250764,1.010850904094314,95.43372982587752,94.4093035276876,0.9892655741312948,5325.740089999999,21293.407238,3.998206235783467,True,True,source_trace_id+source_outer_idx+source_inner_idx; source-key median per concurrency
07dd40536557a1d6440a923557c3129dc929|8|2,8,12,1,1,07dd40536557a1d6440a923557c3129dc929,8.0,2.0,8.0,2.0,10.0,07dd40536557a1d6440a923557c3129dc929::sa:subagent_001_1a28c42b,07dd40536557a1d6440a923557c3129dc929::sa:subagent_001_1a28c42b,subagent,subagent,2.0,2.0,match,match,high_confidence_exact,profiling,profiling,39504.0,39503.0,39488.0,39488.0,209.0,209.0,True,797.43679,917.273817,1.1502777756215636,10.695588697115383,10.286054125,0.961709955037273,93.49648984442544,97.21901011287942,1.0398145457080592,3022.1192389999997,3056.773075,1.0114667335268568,True,True,source_trace_id+source_outer_idx+source_inner_idx; source-key median per concurrency
07dd40536557a1d6440a923557c3129dc929|8|20,8,12,1,1,07dd40536557a1d6440a923557c3129dc929,8.0,20.0,8.0,20.0,28.0,07dd40536557a1d6440a923557c3129dc929::sa:subagent_001_1a28c42b,07dd40536557a1d6440a923557c3129dc929::sa:subagent_001_1a28c42b,subagent,subagent,20.0,20.0,match,match,high_confidence_exact,profiling,profiling,105541.0,105540.0,105472.0,105472.0,339.0,339.0,True,1015.022979,2877.658734,2.835067573381509,10.515600923076924,12.505001923076923,1.189185669421343,95.09680020334913,79.96800049703188,0.8409115798432044,4569.296091,7104.349384,1.5548017117982822,True,True,source_trace_id+source_outer_idx+source_inner_idx; source-key median per concurrency
07dd40536557a1d6440a923557c3129dc929|8|21,8,12,1,1,07dd40536557a1d6440a923557c3129dc929,8.0,21.0,8.0,21.0,29.0,07dd40536557a1d6440a923557c3129dc929::sa:subagent_001_1a28c42b,07dd40536557a1d6440a923557c3129dc929::sa:subagent_001_1a28c42b,subagent,subagent,21.0,21.0,match,match,high_confidence_exact,profiling,profiling,106249.0,106248.0,106176.0,106176.0,276.0,276.0,True,1446.341745,1537.479991,1.0630129402785093,12.026581767272727,11.283892152727272,0.938245993008047,83.14914572994006,88.62190337031039,1.0658185672543803,4753.651731,4640.550333,0.9762074707193142,True,True,source_trace_id+source_outer_idx+source_inner_idx; source-key median per concurrency
07dd40536557a1d6440a923557c3129dc929|8|22,8,12,1,1,07dd40536557a1d6440a923557c3129dc929,8.0,22.0,8.0,22.0,30.0,07dd40536557a1d6440a923557c3129dc929::sa:subagent_001_1a28c42b,07dd40536557a1d6440a923557c3129dc929::sa:subagent_001_1a28c42b,subagent,subagent,22.0,22.0,match,match,high_confidence_exact,profiling,profiling,106636.0,106635.0,106560.0,106560.0,627.0,627.0,True,1936.246574,2911.234415,1.5035452891652217,11.545644924920127,10.804794033546326,0.9358328706459049,86.61274502228969,92.55150971830068,1.068566868472794,9163.820297,9675.03548,1.0557862514138736,True,True,source_trace_id+source_outer_idx+source_inner_idx; source-key median per concurrency
07dd40536557a1d6440a923557c3129dc929|8|23,8,12,1,1,07dd40536557a1d6440a923557c3129dc929,8.0,23.0,8.0,23.0,31.0,07dd40536557a1d6440a923557c3129dc929::sa:subagent_001_1a28c42b,07dd40536557a1d6440a923557c3129dc929::sa:subagent_001_1a28c42b,subagent,subagent,23.0,23.0,match,match,high_confidence_exact,profiling,profiling,107984.0,107983.0,107904.0,107904.0,251.0,251.0,True,1654.747095,2098.307215,1.268053119017562,12.237332199999999,10.457926876,0.8545920552847296,81.71715727387053,95.621246147256,1.170148954481942,4714.080145,4712.788934,0.9997260948137742,True,True,source_trace_id+source_outer_idx+source_inner_idx; source-key median per concurrency
07dd40536557a1d6440a923557c3129dc929|8|24,8,12,1,1,07dd40536557a1d6440a923557c3129dc929,8.0,24.0,8.0,24.0,32.0,07dd40536557a1d6440a923557c3129dc929::sa:subagent_001_1a28c42b,07dd40536557a1d6440a923557c3129dc929::sa:subagent_001_1a28c42b,subagent,subagent,24.0,24.0,match,match,high_confidence_exact,profiling,profiling,108372.0,108371.0,108288.0,108288.0,294.0,294.0,True,986.8459809999999,2345.499943,2.376763941038941,11.554732744027303,10.747788105802048,0.9301632797485195,86.54462393488978,93.04239999485695,1.0750800658034594,4372.382675,5494.601858,1.2566607880450447,True,True,source_trace_id+source_outer_idx+source_inner_idx; source-key median per concurrency
07dd40536557a1d6440a923557c3129dc929|8|25,8,12,1,1,07dd40536557a1d6440a923557c3129dc929,8.0,25.0,8.0,25.0,33.0,07dd40536557a1d6440a923557c3129dc929::sa:subagent_001_1a28c42b,07dd40536557a1d6440a923557c3129dc929::sa:subagent_001_1a28c42b,subagent,subagent,0.0,0.0,match,match,high_confidence_exact,profiling,profiling,108283.0,108282.0,108288.0,108288.0,445.0,445.0,True,7583.386853,4273.724201,0.5635640491305423,10.583500619369369,10.480542592342342,0.9902718362543865,94.48669546726839,95.41490730934625,1.009823730605537,12282.461127999999,8927.085111999999,0.7268156616957786,True,True,source_trace_id+source_outer_idx+source_inner_idx; source-key median per concurrency
07dd40536557a1d6440a923557c3129dc929|8|26,8,12,1,1,07dd40536557a1d6440a923557c3129dc929,8.0,26.0,8.0,26.0,34.0,07dd40536557a1d6440a923557c3129dc929::sa:subagent_001_1a28c42b,07dd40536557a1d6440a923557c3129dc929::sa:subagent_001_1a28c42b,subagent,subagent,25.0,25.0,match,match,high_confidence_exact,profiling,profiling,108952.0,108951.0,108864.0,108864.0,512.0,512.0,True,1179.866296,1430.21284,1.212182130169095,10.97418277886497,11.017376107632092,1.0039359038971274,91.12295832413932,90.76571319983056,0.9960795267089774,6787.673696,7060.092031,1.0401342709153119,True,True,source_trace_id+source_outer_idx+source_inner_idx; source-key median per concurrency
07dd40536557a1d6440a923557c3129dc929|8|27,8,12,1,1,07dd40536557a1d6440a923557c3129dc929,8.0,27.0,8.0,27.0,35.0,07dd40536557a1d6440a923557c3129dc929::sa:subagent_001_1a28c42b,07dd40536557a1d6440a923557c3129dc929::sa:subagent_001_1a28c42b,subagent,subagent,26.0,26.0,match,match,high_confidence_exact,profiling,profiling,109849.0,109848.0,109760.0,109760.0,483.0,483.0,True,926.9471179999999,1902.9557639999998,2.0529280765291724,11.33546305186722,12.147007769709544,1.0715934332924002,88.21871637923748,82.32480121513183,0.9331897424264405,6390.640308999999,7757.813509,1.2139336801782752,True,True,source_trace_id+source_outer_idx+source_inner_idx; source-key median per concurrency
07dd40536557a1d6440a923557c3129dc929|8|28,8,12,1,1,07dd40536557a1d6440a923557c3129dc929,8.0,28.0,8.0,28.0,36.0,07dd40536557a1d6440a923557c3129dc929::sa:subagent_001_1a28c42b,07dd40536557a1d6440a923557c3129dc929::sa:subagent_001_1a28c42b,subagent,subagent,27.0,27.0,match,match,high_confidence_exact,profiling,profiling,110684.0,110683.0,110592.0,110592.0,263.0,263.0,True,992.784729,55380.851635,55.78334357618831,10.639461190839695,12.781599812977099,1.2013390136693887,93.98972204165513,78.23746750267557,0.8324044991642986,3780.3235609999997,58729.630785999994,15.535609541968515,True,True,source_trace_id+source_outer_idx+source_inner_idx; source-key median per concurrency
07dd40536557a1d6440a923557c3129dc929|8|29,8,12,1,1,07dd40536557a1d6440a923557c3129dc929,8.0,29.0,8.0,29.0,37.0,07dd40536557a1d6440a923557c3129dc929::sa:subagent_001_1a28c42b,07dd40536557a1d6440a923557c3129dc929::sa:subagent_001_1a28c42b,subagent,subagent,28.0,28.0,match,match,high_confidence_exact,profiling,profiling,111903.0,111902.0,111808.0,111808.0,376.0,376.0,True,1159.5864669999999,1713.021918,1.477269670481589,11.815220168,10.568317013333333,0.8944663631369525,84.63659464496236,94.62244544125308,1.1179850257229729,5590.29403,5676.140797999999,1.0153563958423846,True,True,source_trace_id+source_outer_idx+source_inner_idx; source-key median per concurrency
07dd40536557a1d6440a923557c3129dc929|8|3,8,12,1,1,07dd40536557a1d6440a923557c3129dc929,8.0,3.0,8.0,3.0,11.0,07dd40536557a1d6440a923557c3129dc929::sa:subagent_001_1a28c42b,07dd40536557a1d6440a923557c3129dc929::sa:subagent_001_1a28c42b,subagent,subagent,3.0,3.0,match,match,high_confidence_exact,profiling,profiling,46356.0,46355.0,46336.0,46336.0,205.0,205.0,True,1004.6429949999999,1144.375659,1.1390868842916684,10.616975485294118,10.64559268627451,1.002695419332938,94.18878299051639,93.93558719274615,0.9973118264220939,3170.5059939999996,3316.076567,1.045913987633357,True,True,source_trace_id+source_outer_idx+source_inner_idx; source-key median per concurrency
07dd40536557a1d6440a923557c3129dc929|8|30,8,12,1,1,07dd40536557a1d6440a923557c3129dc929,8.0,30.0,8.0,30.0,38.0,07dd40536557a1d6440a923557c3129dc929::sa:subagent_001_1a28c42b,07dd40536557a1d6440a923557c3129dc929::sa:subagent_001_1a28c42b,subagent,subagent,29.0,29.0,match,match,high_confidence_exact,profiling,profiling,117212.0,117211.0,117120.0,117120.0,479.0,479.0,True,1062.966078,15051.787640999999,14.160176841504061,12.1234070041841,12.960992845188283,1.0690883215184568,82.48506378239007,77.15458313606322,0.9353764135966534,6857.954626,21247.142221,3.0981748027972444,True,True,source_trace_id+source_outer_idx+source_inner_idx; source-key median per concurrency
07dd40536557a1d6440a923557c3129dc929|8|31,8,12,1,1,07dd40536557a1d6440a923557c3129dc929,8.0,31.0,8.0,31.0,39.0,07dd40536557a1d6440a923557c3129dc929::sa:subagent_001_1a28c42b,07dd40536557a1d6440a923557c3129dc929::sa:subagent_001_1a28c42b,subagent,subagent,30.0,30.0,match,match,high_confidence_exact,profiling,profiling,117792.0,117791.0,117696.0,117696.0,981.0,981.0,True,1023.4934059999999,1473.712079,1.4398842927181497,11.229929797959183,10.618930895918368,0.9455919214960852,89.04775167710578,94.17143870710875,1.0575386456536473,12028.824607999999,11880.264357,0.9876496452611674,True,True,source_trace_id+source_outer_idx+source_inner_idx; source-key median per concurrency
07dd40536557a1d6440a923557c3129dc929|8|4,8,12,1,1,07dd40536557a1d6440a923557c3129dc929,8.0,4.0,8.0,4.0,12.0,07dd40536557a1d6440a923557c3129dc929::sa:subagent_001_1a28c42b,07dd40536557a1d6440a923557c3129dc929::sa:subagent_001_1a28c42b,subagent,subagent,4.0,4.0,match,match,high_confidence_exact,profiling,profiling,51098.0,51097.0,51072.0,51072.0,204.0,204.0,True,740.416605,1480.551194,1.9996191117296727,10.864490640394088,16.593666561576356,1.527330374779029,92.0429712813234,60.26395650950109,0.6547371914505911,2945.9082049999997,4849.065506,1.6460341492548307,True,True,source_trace_id+source_outer_idx+source_inner_idx; source-key median per concurrency
07dd40536557a1d6440a923557c3129dc929|8|5,8,12,1,1,07dd40536557a1d6440a923557c3129dc929,8.0,5.0,8.0,5.0,13.0,07dd40536557a1d6440a923557c3129dc929::sa:subagent_001_1a28c42b,07dd40536557a1d6440a923557c3129dc929::sa:subagent_001_1a28c42b,subagent,subagent,5.0,5.0,match,match,high_confidence_exact,profiling,profiling,57437.0,57436.0,57408.0,57408.0,207.0,207.0,True,779.087998,1772.239022,2.2747610366858715,11.012606800970872,11.634868519417475,1.0565044888728565,90.80502174215826,85.94854323717507,0.9465175117872533,3047.684999,4169.0219369999995,1.3679307206512255,True,True,source_trace_id+source_outer_idx+source_inner_idx; source-key median per concurrency
07dd40536557a1d6440a923557c3129dc929|8|6,8,12,1,1,07dd40536557a1d6440a923557c3129dc929,8.0,6.0,8.0,6.0,14.0,07dd40536557a1d6440a923557c3129dc929::sa:subagent_001_1a28c42b,07dd40536557a1d6440a923557c3129dc929::sa:subagent_001_1a28c42b,subagent,subagent,6.0,6.0,match,match,high_confidence_exact,profiling,profiling,62368.0,62367.0,62336.0,62336.0,200.0,200.0,True,1593.6717409999999,1045.543971,0.6560598046018814,10.47453669849246,10.832007502512562,1.0341276005144504,95.46961634531523,92.31899071045167,0.9669986561644105,3678.104544,3201.113464,0.8703160624463208,True,True,source_trace_id+source_outer_idx+source_inner_idx; source-key median per concurrency
07dd40536557a1d6440a923557c3129dc929|8|7,8,12,1,1,07dd40536557a1d6440a923557c3129dc929,8.0,7.0,8.0,7.0,15.0,07dd40536557a1d6440a923557c3129dc929::sa:subagent_001_1a28c42b,07dd40536557a1d6440a923557c3129dc929::sa:subagent_001_1a28c42b,subagent,subagent,7.0,7.0,match,match,high_confidence_exact,profiling,profiling,67809.0,67808.0,67776.0,67776.0,145.0,145.0,True,1806.057681,2778.027724,1.5381722041467845,10.5556995,10.457509583333334,0.9906979242193598,94.73555021152318,95.62506178275476,1.0093894168476933,3326.0784089999997,4283.909103999999,1.287975981687087,True,True,source_trace_id+source_outer_idx+source_inner_idx; source-key median per concurrency
07dd40536557a1d6440a923557c3129dc929|8|8,8,12,1,1,07dd40536557a1d6440a923557c3129dc929,8.0,8.0,8.0,8.0,16.0,07dd40536557a1d6440a923557c3129dc929::sa:subagent_001_1a28c42b,07dd40536557a1d6440a923557c3129dc929::sa:subagent_001_1a28c42b,subagent,subagent,8.0,8.0,match,match,high_confidence_exact,profiling,profiling,83166.0,83165.0,83136.0,83136.0,142.0,142.0,True,41283.290926999995,1574.215749,0.03813203147451685,10.453515921985815,10.996494929078015,1.0519422375346659,95.6615943824988,90.93806767060852,0.9506225383093296,42757.236672,3124.721534,0.07308053038998787,True,True,source_trace_id+source_outer_idx+source_inner_idx; source-key median per concurrency
07dd40536557a1d6440a923557c3129dc929|8|9,8,12,1,1,07dd40536557a1d6440a923557c3129dc929,8.0,9.0,8.0,9.0,17.0,07dd40536557a1d6440a923557c3129dc929::sa:subagent_001_1a28c42b,07dd40536557a1d6440a923557c3129dc929::sa:subagent_001_1a28c42b,subagent,subagent,9.0,9.0,match,match,high_confidence_exact,profiling,profiling,86816.0,86815.0,86784.0,86784.0,141.0,141.0,True,3404.198853,1475.916483,0.4335576582723207,11.801809607142856,13.68837742142857,1.1598541136559175,84.7327683878891,73.05467764459378,0.8621773964726913,5056.452198,3392.2893219999996,0.670883297055941,True,True,source_trace_id+source_outer_idx+source_inner_idx; source-key median per concurrency
07dd40536557a1d6440a923557c3129dc929|9|0,8,12,1,1,07dd40536557a1d6440a923557c3129dc929,9.0,0.0,9.0,0.0,40.0,07dd40536557a1d6440a923557c3129dc929::sa:subagent_002_23b2d9e6,07dd40536557a1d6440a923557c3129dc929::sa:subagent_002_23b2d9e6,subagent,subagent,0.0,0.0,match,match,high_confidence_exact,profiling,profiling,30862.0,30861.0,30848.0,30848.0,182.0,182.0,True,754.044821,910.319815,1.207248945484104,10.66626432596685,16.937705580110496,1.587969795467746,93.75353633094541,59.03987380523805,0.6297348997783954,2684.638664,3976.044525,1.4810352612130895,True,True,source_trace_id+source_outer_idx+source_inner_idx; source-key median per concurrency
07dd40536557a1d6440a923557c3129dc929|9|1,8,12,1,1,07dd40536557a1d6440a923557c3129dc929,9.0,1.0,9.0,1.0,41.0,07dd40536557a1d6440a923557c3129dc929::sa:subagent_002_23b2d9e6,07dd40536557a1d6440a923557c3129dc929::sa:subagent_002_23b2d9e6,subagent,subagent,1.0,1.0,match,match,high_confidence_exact,profiling,profiling,33805.0,33804.0,33792.0,33792.0,120.0,120.0,True,717.918541,919.804453,1.281210054442653,10.68693520168067,16.889477243697478,1.580385482363678,93.57219643689203,59.20846368250756,0.6327570147660216,1989.66383,2929.6522449999998,1.4724357958499954,True,True,source_trace_id+source_outer_idx+source_inner_idx; source-key median per concurrency
07dd40536557a1d6440a923557c3129dc929|9|10,8,12,1,1,07dd40536557a1d6440a923557c3129dc929,9.0,10.0,9.0,10.0,50.0,07dd40536557a1d6440a923557c3129dc929::sa:subagent_002_23b2d9e6,07dd40536557a1d6440a923557c3129dc929::sa:subagent_002_23b2d9e6,subagent,subagent,10.0,10.0,match,match,high_confidence_exact,profiling,profiling,61158.0,61157.0,61120.0,61120.0,216.0,216.0,True,989.287619,1950.684178,1.9718069250394612,10.970549897674418,10.541469497674418,0.9608879769927523,91.15313355550063,94.8634343836609,1.040704040370715,3347.9558469999997,4217.10012,1.2596044609664772,True,True,source_trace_id+source_outer_idx+source_inner_idx; source-key median per concurrency
07dd40536557a1d6440a923557c3129dc929|9|11,8,12,1,1,07dd40536557a1d6440a923557c3129dc929,9.0,11.0,9.0,11.0,51.0,07dd40536557a1d6440a923557c3129dc929::sa:subagent_002_23b2d9e6,07dd40536557a1d6440a923557c3129dc929::sa:subagent_002_23b2d9e6,subagent,subagent,11.0,11.0,match,match,high_confidence_exact,profiling,profiling,64741.0,64740.0,64704.0,64704.0,220.0,220.0,True,836.005496,1106.818345,1.3239366849808365,10.429456360730594,10.634165324200913,1.019627961073896,95.88227472385233,94.0365293855485,0.9807498795411383,3120.056439,3435.700551,1.1011661545780134,True,True,source_trace_id+source_outer_idx+source_inner_idx; source-key median per concurrency
07dd40536557a1d6440a923557c3129dc929|9|12,8,12,1,1,07dd40536557a1d6440a923557c3129dc929,9.0,12.0,9.0,12.0,52.0,07dd40536557a1d6440a923557c3129dc929::sa:subagent_002_23b2d9e6,07dd40536557a1d6440a923557c3129dc929::sa:subagent_002_23b2d9e6,subagent,subagent,12.0,12.0,match,match,high_confidence_exact,profiling,profiling,65894.0,65893.0,65856.0,65856.0,215.0,215.0,True,748.547929,4892.361507,6.535802608572844,10.366620009345793,14.48554294859813,1.3973255444435135,96.46345666171544,69.03434711066713,0.7156528440895648,2967.004611,7992.267698,2.6937159680740383,True,True,source_trace_id+source_outer_idx+source_inner_idx; source-key median per concurrency
07dd40536557a1d6440a923557c3129dc929|9|13,8,12,1,1,07dd40536557a1d6440a923557c3129dc929,9.0,13.0,9.0,13.0,53.0,07dd40536557a1d6440a923557c3129dc929::sa:subagent_002_23b2d9e6,07dd40536557a1d6440a923557c3129dc929::sa:subagent_002_23b2d9e6,subagent,subagent,13.0,13.0,match,match,high_confidence_exact,profiling,profiling,66984.0,66983.0,66944.0,66944.0,148.0,148.0,True,20104.736996,3737.9348959999998,0.18592309348506733,14.955389156462585,10.746856700680272,0.7185942530981413,66.86552850868985,93.05046376366964,1.3916058967749996,22303.179202,5317.722831,0.23842891557465234,True,True,source_trace_id+source_outer_idx+source_inner_idx; source-key median per concurrency
07dd40536557a1d6440a923557c3129dc929|9|14,8,12,1,1,07dd40536557a1d6440a923557c3129dc929,9.0,14.0,9.0,14.0,54.0,07dd40536557a1d6440a923557c3129dc929::sa:subagent_002_23b2d9e6,07dd40536557a1d6440a923557c3129dc929::sa:subagent_002_23b2d9e6,subagent,subagent,14.0,14.0,match,match,high_confidence_exact,profiling,profiling,67499.0,67498.0,67456.0,67456.0,145.0,145.0,True,1934.0503079999999,1108.105382,0.5729454799683525,10.599239381944443,11.021575125,1.0398458538237183,94.34639260091404,90.73113313284249,0.9616809994700685,3460.3407789999997,2695.2122,0.7788863502567763,True,True,source_trace_id+source_outer_idx+source_inner_idx; source-key median per concurrency
07dd40536557a1d6440a923557c3129dc929|9|15,8,12,1,1,07dd40536557a1d6440a923557c3129dc929,9.0,15.0,9.0,15.0,55.0,07dd40536557a1d6440a923557c3129dc929::sa:subagent_002_23b2d9e6,07dd40536557a1d6440a923557c3129dc929::sa:subagent_002_23b2d9e6,subagent,subagent,15.0,15.0,match,match,high_confidence_exact,profiling,profiling,77295.0,77294.0,77248.0,77248.0,143.0,143.0,True,12442.638097,1255.717371,0.10092050907618712,15.049737176056338,13.040438683098591,0.8664894629419524,66.44634310232134,76.68453679369519,1.1540821242127346,14579.700776,3107.459664,0.21313603836885767,True,True,source_trace_id+source_outer_idx+source_inner_idx; source-key median per concurrency
07dd40536557a1d6440a923557c3129dc929|9|16,8,12,1,1,07dd40536557a1d6440a923557c3129dc929,9.0,16.0,9.0,16.0,56.0,07dd40536557a1d6440a923557c3129dc929::sa:subagent_002_23b2d9e6,07dd40536557a1d6440a923557c3129dc929::sa:subagent_002_23b2d9e6,subagent,subagent,16.0,16.0,match,match,high_confidence_exact,profiling,profiling,80437.0,80436.0,80384.0,80384.0,141.0,141.0,True,1144.0592649999999,1469.580051,1.2845314014392428,11.556420607142856,10.823914064285713,0.9366147557484719,86.53198373395257,92.38802101169412,1.0676748298726892,2761.95815,2984.92802,1.0807289096686712,True,True,source_trace_id+source_outer_idx+source_inner_idx; source-key median per concurrency
07dd40536557a1d6440a923557c3129dc929|9|17,8,12,1,1,07dd40536557a1d6440a923557c3129dc929,9.0,17.0,9.0,17.0,57.0,07dd40536557a1d6440a923557c3129dc929::sa:subagent_002_23b2d9e6,07dd40536557a1d6440a923557c3129dc929::sa:subagent_002_23b2d9e6,subagent,subagent,17.0,17.0,match,match,high_confidence_exact,profiling,profiling,82807.0,82806.0,82752.0,82752.0,208.0,208.0,True,1107.336969,1225.979756,1.1071424420220906,12.071857415458938,10.6034742705314,0.8783631139440762,82.83729384671355,94.30871188881419,1.138481322957362,3606.211454,3420.89893,0.9486129622836033,True,True,source_trace_id+source_outer_idx+source_inner_idx; source-key median per concurrency
07dd40536557a1d6440a923557c3129dc929|9|18,8,12,1,1,07dd40536557a1d6440a923557c3129dc929,9.0,18.0,9.0,18.0,58.0,07dd40536557a1d6440a923557c3129dc929::sa:subagent_002_23b2d9e6,07dd40536557a1d6440a923557c3129dc929::sa:subagent_002_23b2d9e6,subagent,subagent,18.0,18.0,match,match,high_confidence_exact,profiling,profiling,83900.0,83899.0,83840.0,83840.0,200.0,200.0,True,1882.52832,1254.552549,0.6664189514025478,10.791166291457285,10.834621020100501,1.0040268797152738,92.66838940213901,92.29672160611706,0.9959892710079477,4029.9704119999997,3410.642132,0.8463193977415238,True,True,source_trace_id+source_outer_idx+source_inner_idx; source-key median per concurrency
07dd40536557a1d6440a923557c3129dc929|9|19,8,12,1,1,07dd40536557a1d6440a923557c3129dc929,9.0,19.0,9.0,19.0,59.0,07dd40536557a1d6440a923557c3129dc929::sa:subagent_002_23b2d9e6,07dd40536557a1d6440a923557c3129dc929::sa:subagent_002_23b2d9e6,subagent,subagent,19.0,19.0,match,match,high_confidence_exact,profiling,profiling,84480.0,84479.0,84416.0,84416.0,261.0,261.0,True,1153.8513619999999,1753.35431,1.5195668764136712,13.521082361538461,10.682136796153845,0.7900356281047315,73.95857618947434,93.61422897711391,1.2657657002114777,4669.332776,4530.709877,0.9703120540663731,True,True,source_trace_id+source_outer_idx+source_inner_idx; source-key median per concurrency
07dd40536557a1d6440a923557c3129dc929|9|2,8,12,1,1,07dd40536557a1d6440a923557c3129dc929,9.0,2.0,9.0,2.0,42.0,07dd40536557a1d6440a923557c3129dc929::sa:subagent_002_23b2d9e6,07dd40536557a1d6440a923557c3129dc929::sa:subagent_002_23b2d9e6,subagent,subagent,2.0,2.0,match,match,high_confidence_exact,profiling,profiling,38798.0,38797.0,38784.0,38784.0,222.0,222.0,True,796.406709,1460.3167369999999,1.8336318874481001,10.67776266515837,15.563513574660632,1.4575631677452907,93.65257791906242,64.25284337002965,0.6860766120667712,3156.192258,4899.853236999999,1.5524571497760766,True,True,source_trace_id+source_outer_idx+source_inner_idx; source-key median per concurrency
07dd40536557a1d6440a923557c3129dc929|9|20,8,12,1,1,07dd40536557a1d6440a923557c3129dc929,9.0,20.0,9.0,20.0,60.0,07dd40536557a1d6440a923557c3129dc929::sa:subagent_002_23b2d9e6,07dd40536557a1d6440a923557c3129dc929::sa:subagent_002_23b2d9e6,subagent,subagent,20.0,20.0,match,match,high_confidence_exact,profiling,profiling,85124.0,85123.0,85056.0,85056.0,237.0,237.0,True,1277.1464859999999,1274.22819,0.9977149872532322,10.732805991525424,10.87976961016949,1.0136929353572688,93.17227953152191,91.91371102796924,0.9864920284243247,3810.0887,3841.853818,1.0083371072174776,True,True,source_trace_id+source_outer_idx+source_inner_idx; source-key median per concurrency
07dd40536557a1d6440a923557c3129dc929|9|21,8,12,1,1,07dd40536557a1d6440a923557c3129dc929,9.0,21.0,9.0,21.0,61.0,07dd40536557a1d6440a923557c3129dc929::sa:subagent_002_23b2d9e6,07dd40536557a1d6440a923557c3129dc929::sa:subagent_002_23b2d9e6,subagent,subagent,21.0,21.0,match,match,high_confidence_exact,profiling,profiling,85894.0,85893.0,85824.0,85824.0,205.0,205.0,True,950.085791,1305.091348,1.3736563164746878,13.173625593137254,10.641663397058824,0.8078006560777433,75.90924707325415,93.97027162843574,1.2379291753184205,3637.505412,3475.9906809999998,0.9555973908747547,True,True,source_trace_id+source_outer_idx+source_inner_idx; source-key median per concurrency
07dd40536557a1d6440a923557c3129dc929|9|22,8,12,1,1,07dd40536557a1d6440a923557c3129dc929,9.0,22.0,9.0,22.0,62.0,07dd40536557a1d6440a923557c3129dc929::sa:subagent_002_23b2d9e6,07dd40536557a1d6440a923557c3129dc929::sa:subagent_002_23b2d9e6,subagent,subagent,22.0,22.0,match,match,high_confidence_exact,profiling,profiling,86858.0,86857.0,86784.0,86784.0,253.0,253.0,True,1411.405966,1352.495062,0.9582608367690575,12.180349884920634,10.645937507936507,0.8740255910970389,82.09944783589572,93.93254462131716,1.1441312590685628,4480.854136999999,4035.2713139999996,0.9005585075129617,True,True,source_trace_id+source_outer_idx+source_inner_idx; source-key median per concurrency
07dd40536557a1d6440a923557c3129dc929|9|23,8,12,1,1,07dd40536557a1d6440a923557c3129dc929,9.0,23.0,9.0,23.0,63.0,07dd40536557a1d6440a923557c3129dc929::sa:subagent_002_23b2d9e6,07dd40536557a1d6440a923557c3129dc929::sa:subagent_002_23b2d9e6,subagent,subagent,23.0,23.0,match,match,high_confidence_exact,profiling,profiling,89102.0,89101.0,89024.0,89024.0,239.0,239.0,True,920.740683,1337.9379119999999,1.4531104541190343,10.939971268907563,10.839576991596639,0.990823168101341,91.40791830432818,92.25452254965744,1.0092618261200372,3524.453845,3917.757236,1.1115927199778666,True,True,source_trace_id+source_outer_idx+source_inner_idx; source-key median per concurrency
07dd40536557a1d6440a923557c3129dc929|9|24,8,12,1,1,07dd40536557a1d6440a923557c3129dc929,9.0,24.0,9.0,24.0,64.0,07dd40536557a1d6440a923557c3129dc929::sa:subagent_002_23b2d9e6,07dd40536557a1d6440a923557c3129dc929::sa:subagent_002_23b2d9e6,subagent,subagent,24.0,24.0,match,match,high_confidence_exact,profiling,profiling,90063.0,90062.0,89984.0,89984.0,154.0,154.0,True,947.2801979999999,1255.3687969999999,1.3252349195628388,12.075978209150326,10.505463084967321,0.8699471714023979,82.80902653851018,95.18856921509145,1.1494950876016419,2794.904864,2862.704649,1.0242583516431276,True,True,source_trace_id+source_outer_idx+source_inner_idx; source-key median per concurrency
07dd40536557a1d6440a923557c3129dc929|9|25,8,12,1,1,07dd40536557a1d6440a923557c3129dc929,9.0,25.0,9.0,25.0,65.0,07dd40536557a1d6440a923557c3129dc929::sa:subagent_002_23b2d9e6,07dd40536557a1d6440a923557c3129dc929::sa:subagent_002_23b2d9e6,subagent,subagent,25.0,25.0,match,match,high_confidence_exact,profiling,profiling,90259.0,90258.0,90176.0,90176.0,204.0,204.0,True,931.191505,4042.062395,4.340742342790166,11.632196866995073,9.925830551724138,0.853306616559032,85.96828367282683,100.7472366961068,1.1719116910548646,3292.5274689999997,6057.005996999999,1.8396220089363815,True,True,source_trace_id+source_outer_idx+source_inner_idx; source-key median per concurrency
07dd40536557a1d6440a923557c3129dc929|9|26,8,12,1,1,07dd40536557a1d6440a923557c3129dc929,9.0,26.0,9.0,26.0,66.0,07dd40536557a1d6440a923557c3129dc929::sa:subagent_002_23b2d9e6,07dd40536557a1d6440a923557c3129dc929::sa:subagent_002_23b2d9e6,subagent,subagent,26.0,26.0,match,match,high_confidence_exact,profiling,profiling,92503.0,92502.0,92416.0,92416.0,136.0,136.0,True,916.161622,1327.7256009999999,1.4492263909740588,11.363931074074074,10.970942503703704,0.9654179026774509,87.99771782155757,91.1498715504532,1.0358208577100554,2450.292317,2808.802839,1.1463133682102633,True,True,source_trace_id+source_outer_idx+source_inner_idx; source-key median per concurrency
07dd40536557a1d6440a923557c3129dc929|9|27,8,12,1,1,07dd40536557a1d6440a923557c3129dc929,9.0,27.0,9.0,27.0,67.0,07dd40536557a1d6440a923557c3129dc929::sa:subagent_002_23b2d9e6,07dd40536557a1d6440a923557c3129dc929::sa:subagent_002_23b2d9e6,subagent,subagent,27.0,27.0,match,match,high_confidence_exact,profiling,profiling,92953.0,92952.0,92864.0,92864.0,133.0,133.0,True,4635.255572,2381.091974,0.5136916264948508,10.437872553030303,12.502034265151515,1.197756937693395,95.80496359956818,79.98698282146172,0.8348939325918416,6013.054749,4031.3604969999997,0.6704346900667143,True,True,source_trace_id+source_outer_idx+source_inner_idx; source-key median per concurrency
07dd40536557a1d6440a923557c3129dc929|9|28,8,12,1,1,07dd40536557a1d6440a923557c3129dc929,9.0,28.0,9.0,28.0,68.0,07dd40536557a1d6440a923557c3129dc929::sa:subagent_002_23b2d9e6,07dd40536557a1d6440a923557c3129dc929::sa:subagent_002_23b2d9e6,subagent,subagent,28.0,28.0,match,match,high_confidence_exact,profiling,profiling,93982.0,93981.0,93888.0,93888.0,111.0,111.0,True,2055.366176,52534.952103999996,25.5598991155141,12.371056718181817,11.039808681818181,0.8923901113146548,80.83383843275845,90.58127987733451,1.1205861509680064,3416.1824149999998,53749.331059,15.733741507184709,True,True,source_trace_id+source_outer_idx+source_inner_idx; source-key median per concurrency
07dd40536557a1d6440a923557c3129dc929|9|29,8,12,1,1,07dd40536557a1d6440a923557c3129dc929,9.0,29.0,9.0,29.0,69.0,07dd40536557a1d6440a923557c3129dc929::sa:subagent_002_23b2d9e6,07dd40536557a1d6440a923557c3129dc929::sa:subagent_002_23b2d9e6,subagent,subagent,29.0,29.0,match,match,high_confidence_exact,profiling,profiling,95202.0,95201.0,95104.0,95104.0,159.0,159.0,True,967.067719,1274.962184,1.318379425712172,11.035392816455696,13.838129911392405,1.2539771027232796,90.61752641091539,72.2640997304656,0.7974627270532181,2710.659784,3461.3867099999998,1.2769535780296948,True,True,source_trace_id+source_outer_idx+source_inner_idx; source-key median per concurrency
07dd40536557a1d6440a923557c3129dc929|9|3,8,12,1,1,07dd40536557a1d6440a923557c3129dc929,9.0,3.0,9.0,3.0,43.0,07dd40536557a1d6440a923557c3129dc929::sa:subagent_002_23b2d9e6,07dd40536557a1d6440a923557c3129dc929::sa:subagent_002_23b2d9e6,subagent,subagent,3.0,3.0,match,match,high_confidence_exact,profiling,profiling,46352.0,46351.0,46336.0,46336.0,141.0,141.0,True,987.136259,1265.64005,1.282133077840878,11.031113935714286,10.208111357142856,0.9253926137135725,90.65267622360462,97.96131380368186,1.0806224138606753,2531.49221,2694.77564,1.0645008621219498,True,True,source_trace_id+source_outer_idx+source_inner_idx; source-key median per concurrency
07dd40536557a1d6440a923557c3129dc929|9|30,8,12,1,1,07dd40536557a1d6440a923557c3129dc929,9.0,30.0,9.0,30.0,70.0,07dd40536557a1d6440a923557c3129dc929::sa:subagent_002_23b2d9e6,07dd40536557a1d6440a923557c3129dc929::sa:subagent_002_23b2d9e6,subagent,subagent,30.0,30.0,match,match,high_confidence_exact,profiling,profiling,95334.0,95333.0,95232.0,95232.0,122.0,122.0,True,1042.775776,42717.186537999994,40.96488192491345,12.158306231404957,11.005659090909091,0.9051967339399156,82.24829848560614,90.86234561145196,1.1047322228477872,2513.93083,44048.871287999995,17.521910611995636,True,True,source_trace_id+source_outer_idx+source_inner_idx; source-key median per concurrency
07dd40536557a1d6440a923557c3129dc929|9|31,8,12,1,1,07dd40536557a1d6440a923557c3129dc929,9.0,31.0,9.0,31.0,71.0,07dd40536557a1d6440a923557c3129dc929::sa:subagent_002_23b2d9e6,07dd40536557a1d6440a923557c3129dc929::sa:subagent_002_23b2d9e6,subagent,subagent,31.0,31.0,match,match,high_confidence_exact,profiling,profiling,95850.0,95849.0,95744.0,95744.0,112.0,112.0,True,2816.6328909999997,1601.529886,0.5685973103265874,15.881153,15.656019036036037,0.9858238275291497,62.967720290837825,63.873197758527446,1.0143800262024314,4579.440874,3339.347999,0.7292043048223009,True,True,source_trace_id+source_outer_idx+source_inner_idx; source-key median per concurrency
07dd40536557a1d6440a923557c3129dc929|9|32,8,12,1,1,07dd40536557a1d6440a923557c3129dc929,9.0,32.0,9.0,32.0,72.0,07dd40536557a1d6440a923557c3129dc929::sa:subagent_002_23b2d9e6,07dd40536557a1d6440a923557c3129dc929::sa:subagent_002_23b2d9e6,subagent,subagent,32.0,32.0,match,match,high_confidence_exact,profiling,profiling,96493.0,96492.0,96384.0,96384.0,84.0,84.0,True,945.422968,1444.158884,1.5275267609111016,10.852666710843373,10.863509048192771,1.0009990482190487,92.14325166743178,92.05128799210212,0.9990019488821429,1846.194305,2345.8301349999997,1.2706301436673535,True,True,source_trace_id+source_outer_idx+source_inner_idx; source-key median per concurrency
07dd40536557a1d6440a923557c3129dc929|9|33,8,12,1,1,07dd40536557a1d6440a923557c3129dc929,9.0,33.0,9.0,33.0,73.0,07dd40536557a1d6440a923557c3129dc929::sa:subagent_002_23b2d9e6,07dd40536557a1d6440a923557c3129dc929::sa:subagent_002_23b2d9e6,subagent,subagent,33.0,33.0,match,match,high_confidence_exact,profiling,profiling,97072.0,97071.0,96960.0,96960.0,267.0,267.0,True,2378.8987779999998,20236.937723,8.506851115377723,12.455516545112781,11.28104454887218,0.9057066808922161,80.28571086378379,88.6442736457392,1.1041102170240096,5692.0661789999995,23237.695572999997,4.082471082070671,True,True,source_trace_id+source_outer_idx+source_inner_idx; source-key median per concurrency
07dd40536557a1d6440a923557c3129dc929|9|34,8,12,1,1,07dd40536557a1d6440a923557c3129dc929,9.0,34.0,9.0,34.0,74.0,07dd40536557a1d6440a923557c3129dc929::sa:subagent_002_23b2d9e6,07dd40536557a1d6440a923557c3129dc929::sa:subagent_002_23b2d9e6,subagent,subagent,34.0,34.0,match,match,high_confidence_exact,profiling,profiling,98034.0,98033.0,97920.0,97920.0,198.0,198.0,True,1228.635644,2660.974885,2.1657965874543685,11.687035385786801,10.41369412182741,0.8910466836176464,85.56489879513421,96.02740279301756,1.1222756544471986,3530.9816149999997,4712.472627,1.3346069565983851,True,True,source_trace_id+source_outer_idx+source_inner_idx; source-key median per concurrency
07dd40536557a1d6440a923557c3129dc929|9|35,8,12,1,1,07dd40536557a1d6440a923557c3129dc929,9.0,35.0,9.0,35.0,75.0,07dd40536557a1d6440a923557c3129dc929::sa:subagent_002_23b2d9e6,07dd40536557a1d6440a923557c3129dc929::sa:subagent_002_23b2d9e6,subagent,subagent,35.0,35.0,match,match,high_confidence_exact,profiling,profiling,98294.0,98293.0,98176.0,98176.0,140.0,140.0,True,1080.569611,1449.718312,1.3416241741782613,10.659074273381295,10.799649460431654,1.0131883110526225,93.8167775504934,92.59559800194022,0.9869833564908375,2562.180935,2950.8695869999997,1.151702265320306,True,True,source_trace_id+source_outer_idx+source_inner_idx; source-key median per concurrency
07dd40536557a1d6440a923557c3129dc929|9|36,8,12,1,1,07dd40536557a1d6440a923557c3129dc929,9.0,36.0,9.0,36.0,76.0,07dd40536557a1d6440a923557c3129dc929::sa:subagent_002_23b2d9e6,07dd40536557a1d6440a923557c3129dc929::sa:subagent_002_23b2d9e6,subagent,subagent,36.0,36.0,match,match,high_confidence_exact,profiling,profiling,98809.0,98808.0,98688.0,98688.0,104.0,104.0,True,2186.22357,1500.144249,0.6861806219571587,10.810326155339805,11.39933090291262,1.0544853817645339,92.50414701928729,87.72444703263172,0.94832988421958,3299.687164,2674.2753319999997,0.8104632951804275,True,True,source_trace_id+source_outer_idx+source_inner_idx; source-key median per concurrency
07dd40536557a1d6440a923557c3129dc929|9|37,8,12,1,1,07dd40536557a1d6440a923557c3129dc929,9.0,37.0,9.0,37.0,77.0,07dd40536557a1d6440a923557c3129dc929::sa:subagent_002_23b2d9e6,07dd40536557a1d6440a923557c3129dc929::sa:subagent_002_23b2d9e6,subagent,subagent,37.0,37.0,match,match,high_confidence_exact,profiling,profiling,99197.0,99196.0,99072.0,99072.0,214.0,214.0,True,987.949994,1746.420185,1.7677212365062276,10.599039938967136,11.396383502347417,1.0752279044113104,94.34816792448551,87.74713485150977,0.9300353868210872,3245.545501,4173.849870999999,1.286024142848706,True,True,source_trace_id+source_outer_idx+source_inner_idx; source-key median per concurrency
07dd40536557a1d6440a923557c3129dc929|9|38,8,12,1,1,07dd40536557a1d6440a923557c3129dc929,9.0,38.0,9.0,38.0,78.0,07dd40536557a1d6440a923557c3129dc929::sa:subagent_002_23b2d9e6,07dd40536557a1d6440a923557c3129dc929::sa:subagent_002_23b2d9e6,subagent,subagent,38.0,38.0,match,match,high_confidence_exact,profiling,profiling,99585.0,99584.0,99456.0,99456.0,138.0,138.0,True,973.61777,1344.847057,1.3812885286594554,11.880877350364962,14.779277905109488,1.243955094331101,84.16886821656159,67.66230437105999,0.8038875394756269,2601.297967,3369.60813,1.2953564615614064,True,True,source_trace_id+source_outer_idx+source_inner_idx; source-key median per concurrency
07dd40536557a1d6440a923557c3129dc929|9|39,8,12,1,1,07dd40536557a1d6440a923557c3129dc929,9.0,39.0,9.0,39.0,79.0,07dd40536557a1d6440a923557c3129dc929::sa:subagent_002_23b2d9e6,07dd40536557a1d6440a923557c3129dc929::sa:subagent_002_23b2d9e6,subagent,subagent,39.0,39.0,match,match,high_confidence_exact,profiling,profiling,99909.0,99908.0,99776.0,99776.0,317.0,317.0,True,1477.739748,13604.094884999999,9.206015405224113,10.600030439873418,13.36835583227848,1.2611620228930325,94.33935172849765,74.8035145492953,0.7929195312320443,4827.349367,17828.495328,3.69322664936507,True,True,source_trace_id+source_outer_idx+source_inner_idx; source-key median per concurrency
07dd40536557a1d6440a923557c3129dc929|9|4,8,12,1,1,07dd40536557a1d6440a923557c3129dc929,9.0,4.0,9.0,4.0,44.0,07dd40536557a1d6440a923557c3129dc929::sa:subagent_002_23b2d9e6,07dd40536557a1d6440a923557c3129dc929::sa:subagent_002_23b2d9e6,subagent,subagent,4.0,4.0,match,match,high_confidence_exact,profiling,profiling,47637.0,47636.0,47616.0,47616.0,219.0,219.0,True,829.389859,944.848625,1.1392092810722443,10.758505573394496,10.343344660550457,0.9614109125090086,92.94971250216888,96.68052576977374,1.040137975332821,3174.7440739999997,3199.697761,1.0078600625494074,True,True,source_trace_id+source_outer_idx+source_inner_idx; source-key median per concurrency
07dd40536557a1d6440a923557c3129dc929|9|40,8,12,1,1,07dd40536557a1d6440a923557c3129dc929,9.0,40.0,9.0,40.0,80.0,07dd40536557a1d6440a923557c3129dc929::sa:subagent_002_23b2d9e6,07dd40536557a1d6440a923557c3129dc929::sa:subagent_002_23b2d9e6,subagent,subagent,40.0,40.0,match,match,high_confidence_exact,profiling,profiling,100360.0,100359.0,100224.0,100224.0,126.0,126.0,True,1652.92812,23390.600327,14.151008772843673,10.74359436,10.802637679999998,1.0054956765884446,93.07871895491036,92.56998425962206,0.9945343607969643,2995.877415,24740.930037,8.258325228237016,True,True,source_trace_id+source_outer_idx+source_inner_idx; source-key median per concurrency
07dd40536557a1d6440a923557c3129dc929|9|41,8,12,1,1,07dd40536557a1d6440a923557c3129dc929,9.0,41.0,9.0,41.0,81.0,07dd40536557a1d6440a923557c3129dc929::sa:subagent_002_23b2d9e6,07dd40536557a1d6440a923557c3129dc929::sa:subagent_002_23b2d9e6,subagent,subagent,41.0,41.0,match,match,high_confidence_exact,profiling,profiling,100491.0,100490.0,100352.0,100352.0,71.0,71.0,True,1014.6874439999999,1586.8743459999998,1.563904584986665,12.472625857142855,10.82343382857143,0.867775074193622,80.17557902030048,92.39212026780494,1.1523723482484765,1887.771254,2344.514714,1.2419485194682385,True,True,source_trace_id+source_outer_idx+source_inner_idx; source-key median per concurrency
07dd40536557a1d6440a923557c3129dc929|9|42,8,12,1,1,07dd40536557a1d6440a923557c3129dc929,9.0,42.0,9.0,42.0,82.0,07dd40536557a1d6440a923557c3129dc929::sa:subagent_002_23b2d9e6,07dd40536557a1d6440a923557c3129dc929::sa:subagent_002_23b2d9e6,subagent,subagent,42.0,42.0,match,match,high_confidence_exact,profiling,profiling,102414.0,102413.0,102272.0,102272.0,165.0,165.0,True,1091.6998529999998,1500.8065749999998,1.3747428570918752,11.133724713414633,10.220093957317072,0.9179402419572347,89.81720185654808,97.84645857233538,1.0893955339269115,2917.630706,3176.9019839999996,1.08886363769987,True,True,source_trace_id+source_outer_idx+source_inner_idx; source-key median per concurrency
07dd40536557a1d6440a923557c3129dc929|9|43,8,12,1,1,07dd40536557a1d6440a923557c3129dc929,9.0,43.0,9.0,43.0,83.0,07dd40536557a1d6440a923557c3129dc929::sa:subagent_002_23b2d9e6,07dd40536557a1d6440a923557c3129dc929::sa:subagent_002_23b2d9e6,subagent,subagent,43.0,43.0,match,match,high_confidence_exact,profiling,profiling,102738.0,102737.0,102592.0,102592.0,85.0,85.0,True,1479.390613,10599.133296,7.164526530627648,12.011275988095239,10.637417047619047,0.8856192346393617,83.25510137233813,94.00778361170187,1.1291534339892877,2488.337796,11492.676328,4.618615827189727,True,True,source_trace_id+source_outer_idx+source_inner_idx; source-key median per concurrency
07dd40536557a1d6440a923557c3129dc929|9|44,8,12,1,1,07dd40536557a1d6440a923557c3129dc929,9.0,44.0,9.0,44.0,84.0,07dd40536557a1d6440a923557c3129dc929::sa:subagent_002_23b2d9e6,07dd40536557a1d6440a923557c3129dc929::sa:subagent_002_23b2d9e6,subagent,subagent,44.0,44.0,match,match,high_confidence_exact,profiling,profiling,103254.0,103253.0,103104.0,103104.0,129.0,129.0,True,993.3277039999999,1267.504152,1.2760181226154548,12.0220708046875,10.4063319453125,0.8656022838640236,83.18034523720257,96.0953393813703,1.1552649740433087,2532.152767,2599.5146409999998,1.0266026105841188,True,True,source_trace_id+source_outer_idx+source_inner_idx; source-key median per concurrency
07dd40536557a1d6440a923557c3129dc929|9|45,8,12,1,1,07dd40536557a1d6440a923557c3129dc929,9.0,45.0,9.0,45.0,85.0,07dd40536557a1d6440a923557c3129dc929::sa:subagent_002_23b2d9e6,07dd40536557a1d6440a923557c3129dc929::sa:subagent_002_23b2d9e6,subagent,subagent,45.0,45.0,match,match,high_confidence_exact,profiling,profiling,103450.0,103449.0,103296.0,103296.0,113.0,113.0,True,9029.269317,2242.04081,0.2483081112420428,11.827185205357143,10.549754678571428,0.8919920078526292,84.55097156566453,94.78893400537468,1.1210862778999422,10353.91406,3423.6133339999997,0.330658851730898,True,True,source_trace_id+source_outer_idx+source_inner_idx; source-key median per concurrency
07dd40536557a1d6440a923557c3129dc929|9|46,8,12,1,1,07dd40536557a1d6440a923557c3129dc929,9.0,46.0,9.0,46.0,86.0,07dd40536557a1d6440a923557c3129dc929::sa:subagent_002_23b2d9e6,07dd40536557a1d6440a923557c3129dc929::sa:subagent_002_23b2d9e6,subagent,subagent,46.0,46.0,match,match,high_confidence_exact,profiling,profiling,104030.0,104029.0,103872.0,103872.0,135.0,135.0,True,1025.6908859999999,28253.381309999997,27.545707674348975,11.853458164179104,10.736799723880596,0.9057947119876775,84.36356598633625,93.13762254275993,1.1040029123217094,2614.05428,29692.112472999997,11.358644195024137,True,True,source_trace_id+source_outer_idx+source_inner_idx; source-key median per concurrency
07dd40536557a1d6440a923557c3129dc929|9|47,8,12,1,1,07dd40536557a1d6440a923557c3129dc929,9.0,47.0,9.0,47.0,87.0,07dd40536557a1d6440a923557c3129dc929::sa:subagent_002_23b2d9e6,07dd40536557a1d6440a923557c3129dc929::sa:subagent_002_23b2d9e6,subagent,subagent,47.0,47.0,match,match,high_confidence_exact,profiling,profiling,104673.0,104672.0,104512.0,104512.0,152.0,152.0,True,996.9804919999999,13241.221446,13.281324511613413,11.988170589403973,10.762461543046356,0.8977567897272843,83.41556307881318,92.91554687562174,1.1138874263527148,2807.194251,14866.353138999999,5.295804924687415,True,True,source_trace_id+source_outer_idx+source_inner_idx; source-key median per concurrency
07dd40536557a1d6440a923557c3129dc929|9|48,8,12,1,1,07dd40536557a1d6440a923557c3129dc929,9.0,48.0,9.0,48.0,88.0,07dd40536557a1d6440a923557c3129dc929::sa:subagent_002_23b2d9e6,07dd40536557a1d6440a923557c3129dc929::sa:subagent_002_23b2d9e6,subagent,subagent,48.0,48.0,match,match,high_confidence_exact,profiling,profiling,105380.0,105379.0,105216.0,105216.0,151.0,151.0,True,1458.344441,81580.006949,55.94015011505777,11.829374033333332,10.84178238,0.9165136168194147,84.53532682136483,92.2357565343421,1.0910912632922019,3232.7505459999998,83206.27430599999,25.73853847428907,True,True,source_trace_id+source_outer_idx+source_inner_idx; source-key median per concurrency
07dd40536557a1d6440a923557c3129dc929|9|49,8,12,1,1,07dd40536557a1d6440a923557c3129dc929,9.0,49.0,9.0,49.0,89.0,07dd40536557a1d6440a923557c3129dc929::sa:subagent_002_23b2d9e6,07dd40536557a1d6440a923557c3129dc929::sa:subagent_002_23b2d9e6,subagent,subagent,49.0,49.0,match,match,high_confidence_exact,profiling,profiling,106215.0,106214.0,106048.0,106048.0,235.0,235.0,True,1129.9582329999998,12254.947118,10.84548681544055,10.575648346153846,9.928084688034188,0.9387684199659339,94.55685053708127,100.72436239441518,1.0652254365738976,3604.6599459999998,14578.118934999999,4.044242495377953,True,True,source_trace_id+source_outer_idx+source_inner_idx; source-key median per concurrency
07dd40536557a1d6440a923557c3129dc929|9|5,8,12,1,1,07dd40536557a1d6440a923557c3129dc929,9.0,5.0,9.0,5.0,45.0,07dd40536557a1d6440a923557c3129dc929::sa:subagent_002_23b2d9e6,07dd40536557a1d6440a923557c3129dc929::sa:subagent_002_23b2d9e6,subagent,subagent,5.0,5.0,match,match,high_confidence_exact,profiling,profiling,51989.0,51988.0,51968.0,51968.0,222.0,222.0,True,766.5245639999999,942.0543889999999,1.22899439006106,10.291791438914027,10.260714425339367,0.9969804077590267,97.16481391363274,97.45910065779124,1.0030287377941163,3041.010472,3209.6722769999997,1.0554624216368038,True,True,source_trace_id+source_outer_idx+source_inner_idx; source-key median per concurrency
07dd40536557a1d6440a923557c3129dc929|9|50,8,12,1,1,07dd40536557a1d6440a923557c3129dc929,9.0,50.0,9.0,50.0,90.0,07dd40536557a1d6440a923557c3129dc929::sa:subagent_002_23b2d9e6,07dd40536557a1d6440a923557c3129dc929::sa:subagent_002_23b2d9e6,subagent,subagent,50.0,50.0,match,match,high_confidence_exact,profiling,profiling,106731.0,106730.0,106560.0,106560.0,245.0,245.0,True,1643.802692,26827.843273,16.320598210213905,11.370094331967211,9.787228155737704,0.8607868914702623,87.95001789813504,102.17397449897558,1.1617277283253646,4418.1057089999995,29215.926943,6.612772275567117,True,True,source_trace_id+source_outer_idx+source_inner_idx; source-key median per concurrency
07dd40536557a1d6440a923557c3129dc929|9|51,8,12,1,1,07dd40536557a1d6440a923557c3129dc929,9.0,51.0,9.0,51.0,91.0,07dd40536557a1d6440a923557c3129dc929::sa:subagent_002_23b2d9e6,07dd40536557a1d6440a923557c3129dc929::sa:subagent_002_23b2d9e6,subagent,subagent,51.0,51.0,match,match,high_confidence_exact,profiling,profiling,107119.0,107118.0,106944.0,106944.0,132.0,132.0,True,1017.2072009999999,6335.93077,6.228751392804975,10.920916801526717,10.792811633587787,0.9882697423424175,91.56740392530071,92.6542622950954,1.0118694898315708,2447.8473019999997,7749.789094,3.1659610007814125,True,True,source_trace_id+source_outer_idx+source_inner_idx; source-key median per concurrency
07dd40536557a1d6440a923557c3129dc929|9|52,8,12,1,1,07dd40536557a1d6440a923557c3129dc929,9.0,52.0,9.0,52.0,92.0,07dd40536557a1d6440a923557c3129dc929::sa:subagent_002_23b2d9e6,07dd40536557a1d6440a923557c3129dc929::sa:subagent_002_23b2d9e6,subagent,subagent,52.0,52.0,match,match,high_confidence_exact,profiling,profiling,107314.0,107313.0,107136.0,107136.0,582.0,582.0,True,1085.046216,3094.781146,2.852211362396014,11.645711624784854,10.689072881239243,0.9178548486887091,85.8685181480676,93.55348317955004,1.0894968866032002,7851.20467,9305.13249,1.1851853162808963,True,True,source_trace_id+source_outer_idx+source_inner_idx; source-key median per concurrency
07dd40536557a1d6440a923557c3129dc929|9|53,8,12,1,1,07dd40536557a1d6440a923557c3129dc929,9.0,53.0,9.0,53.0,93.0,07dd40536557a1d6440a923557c3129dc929::sa:subagent_002_23b2d9e6,07dd40536557a1d6440a923557c3129dc929::sa:subagent_002_23b2d9e6,subagent,subagent,53.0,53.0,match,match,high_confidence_exact,profiling,profiling,108277.0,108276.0,108096.0,108096.0,111.0,111.0,True,1505.406914,7232.533393,4.804371047946443,10.928482981818181,10.859726436363635,0.99370850047816,91.50400853107512,92.08335088916371,1.0063313331010175,2707.540042,8427.103301,3.1124574965750402,True,True,source_trace_id+source_outer_idx+source_inner_idx; source-key median per concurrency
07dd40536557a1d6440a923557c3129dc929|9|54,8,12,1,1,07dd40536557a1d6440a923557c3129dc929,9.0,54.0,9.0,54.0,94.0,07dd40536557a1d6440a923557c3129dc929::sa:subagent_002_23b2d9e6,07dd40536557a1d6440a923557c3129dc929::sa:subagent_002_23b2d9e6,subagent,subagent,54.0,54.0,match,match,high_confidence_exact,profiling,profiling,108794.0,108793.0,108608.0,108608.0,197.0,197.0,True,1551.847601,1416.8750699999998,0.9130246224480905,12.335711530612244,10.739016780612245,0.8705632223939698,81.06544948934682,93.1183943957846,1.1486816514601788,3969.6470609999997,3521.722359,0.8871625877270907,True,True,source_trace_id+source_outer_idx+source_inner_idx; source-key median per concurrency
07dd40536557a1d6440a923557c3129dc929|9|55,8,12,1,1,07dd40536557a1d6440a923557c3129dc929,9.0,55.0,9.0,55.0,95.0,07dd40536557a1d6440a923557c3129dc929::sa:subagent_002_23b2d9e6,07dd40536557a1d6440a923557c3129dc929::sa:subagent_002_23b2d9e6,subagent,subagent,55.0,55.0,match,match,high_confidence_exact,profiling,profiling,109054.0,109053.0,108864.0,108864.0,159.0,159.0,True,985.314496,16123.621921,16.363934547249368,10.393504810126581,10.871928632911391,1.046031038761696,96.21393536333208,91.98000039963564,0.955994576589058,2627.488256,17841.386645,6.7902821655846815,True,True,source_trace_id+source_outer_idx+source_inner_idx; source-key median per concurrency
07dd40536557a1d6440a923557c3129dc929|9|56,8,12,1,1,07dd40536557a1d6440a923557c3129dc929,9.0,56.0,9.0,56.0,96.0,07dd40536557a1d6440a923557c3129dc929::sa:subagent_002_23b2d9e6,07dd40536557a1d6440a923557c3129dc929::sa:subagent_002_23b2d9e6,subagent,subagent,56.0,56.0,match,match,high_confidence_exact,profiling,profiling,109890.0,109889.0,109696.0,109696.0,395.0,395.0,True,965.4369939999999,1824.1611309999998,1.8894667827489529,10.519436304568528,10.742952172588833,1.0212478940457326,95.06212795506029,93.08428297312436,0.9791941856922145,5110.094897999999,6056.884287,1.1852782400128337,True,True,source_trace_id+source_outer_idx+source_inner_idx; source-key median per concurrency
07dd40536557a1d6440a923557c3129dc929|9|57,8,12,1,1,07dd40536557a1d6440a923557c3129dc929,9.0,57.0,9.0,57.0,97.0,07dd40536557a1d6440a923557c3129dc929::sa:subagent_002_23b2d9e6,07dd40536557a1d6440a923557c3129dc929::sa:subagent_002_23b2d9e6,subagent,subagent,57.0,57.0,match,match,high_confidence_exact,profiling,profiling,110597.0,110596.0,110400.0,110400.0,213.0,213.0,True,1112.604232,110234.664873,99.07805642159377,10.651751773584905,11.086685155660378,1.0408320989186075,93.88127148061061,90.19828613870608,0.9607697543522813,3370.775608,112585.042126,33.400337257335465,True,True,source_trace_id+source_outer_idx+source_inner_idx; source-key median per concurrency
07dd40536557a1d6440a923557c3129dc929|9|58,8,12,1,1,07dd40536557a1d6440a923557c3129dc929,9.0,58.0,9.0,58.0,98.0,07dd40536557a1d6440a923557c3129dc929::sa:subagent_002_23b2d9e6,07dd40536557a1d6440a923557c3129dc929::sa:subagent_002_23b2d9e6,subagent,subagent,58.0,58.0,match,match,high_confidence_exact,profiling,profiling,110921.0,110920.0,110720.0,110720.0,123.0,123.0,True,2721.564782,7240.295150999999,2.6603427553465453,11.103527459016393,12.042204762295082,1.0845386573540154,90.06146953668949,83.0412719048811,0.9220510428274937,4076.195132,8709.444131999999,2.136660255449223,True,True,source_trace_id+source_outer_idx+source_inner_idx; source-key median per concurrency
07dd40536557a1d6440a923557c3129dc929|9|59,8,12,1,1,07dd40536557a1d6440a923557c3129dc929,9.0,59.0,9.0,59.0,99.0,07dd40536557a1d6440a923557c3129dc929::sa:subagent_002_23b2d9e6,07dd40536557a1d6440a923557c3129dc929::sa:subagent_002_23b2d9e6,subagent,subagent,59.0,59.0,match,match,high_confidence_exact,profiling,profiling,111115.0,111114.0,110912.0,110912.0,130.0,130.0,True,1007.277984,7307.058577999999,7.25426217396607,10.421547689922479,10.597254666666666,1.016859969552708,95.955037558096,94.36406234017088,0.9834195758929085,2351.657636,8674.10443,3.688506480371023,True,True,source_trace_id+source_outer_idx+source_inner_idx; source-key median per concurrency
07dd40536557a1d6440a923557c3129dc929|9|6,8,12,1,1,07dd40536557a1d6440a923557c3129dc929,9.0,6.0,9.0,6.0,46.0,07dd40536557a1d6440a923557c3129dc929::sa:subagent_002_23b2d9e6,07dd40536557a1d6440a923557c3129dc929::sa:subagent_002_23b2d9e6,subagent,subagent,6.0,6.0,match,match,high_confidence_exact,profiling,profiling,53145.0,53144.0,53120.0,53120.0,219.0,219.0,True,2978.89506,1458.826763,0.48972076344307347,10.623979,15.783192201834863,1.4856196724254502,94.12669208024602,63.35853908461849,0.6731197887056661,5294.922482,4899.562663,0.9253322743923034,True,True,source_trace_id+source_outer_idx+source_inner_idx; source-key median per concurrency
07dd40536557a1d6440a923557c3129dc929|9|60,8,12,1,1,07dd40536557a1d6440a923557c3129dc929,9.0,60.0,9.0,60.0,100.0,07dd40536557a1d6440a923557c3129dc929::sa:subagent_002_23b2d9e6,07dd40536557a1d6440a923557c3129dc929::sa:subagent_002_23b2d9e6,subagent,subagent,60.0,60.0,match,match,high_confidence_exact,profiling,profiling,111438.0,111437.0,111232.0,111232.0,128.0,128.0,True,5491.6662,7822.8671269999995,1.4244979286978514,10.897762362204725,12.235981582677164,1.1227976144087715,91.76195688283389,81.72617727830918,0.8906324587504288,6875.682019999999,9376.836787999999,1.3637682430229663,True,True,source_trace_id+source_outer_idx+source_inner_idx; source-key median per concurrency
07dd40536557a1d6440a923557c3129dc929|9|61,8,12,1,1,07dd40536557a1d6440a923557c3129dc929,9.0,61.0,9.0,61.0,101.0,07dd40536557a1d6440a923557c3129dc929::sa:subagent_002_23b2d9e6,07dd40536557a1d6440a923557c3129dc929::sa:subagent_002_23b2d9e6,subagent,subagent,61.0,61.0,match,match,high_confidence_exact,profiling,profiling,111635.0,111634.0,111424.0,111424.0,1508.0,1508.0,True,2192.895266,1519.743393,0.6930305412041506,10.703328209024551,12.173397819508958,1.1373469617838041,93.42888309795511,82.1463337374394,0.8792391711598804,18322.810877,19865.053906999998,1.0841706570216212,True,True,source_trace_id+source_outer_idx+source_inner_idx; source-key median per concurrency
07dd40536557a1d6440a923557c3129dc929|9|7,8,12,1,1,07dd40536557a1d6440a923557c3129dc929,9.0,7.0,9.0,7.0,47.0,07dd40536557a1d6440a923557c3129dc929::sa:subagent_002_23b2d9e6,07dd40536557a1d6440a923557c3129dc929::sa:subagent_002_23b2d9e6,subagent,subagent,7.0,7.0,match,match,high_confidence_exact,profiling,profiling,54936.0,54935.0,54912.0,54912.0,227.0,227.0,True,814.6512409999999,1098.3037689999999,1.348188910449349,10.779368853982302,11.114612969026549,1.0311005328406029,92.7698099532574,89.97164388780179,0.9698375358657577,3250.7886019999996,3610.2063,1.1105632331117667,True,True,source_trace_id+source_outer_idx+source_inner_idx; source-key median per concurrency
07dd40536557a1d6440a923557c3129dc929|9|8,8,12,1,1,07dd40536557a1d6440a923557c3129dc929,9.0,8.0,9.0,8.0,48.0,07dd40536557a1d6440a923557c3129dc929::sa:subagent_002_23b2d9e6,07dd40536557a1d6440a923557c3129dc929::sa:subagent_002_23b2d9e6,subagent,subagent,8.0,8.0,match,match,high_confidence_exact,profiling,profiling,56670.0,56669.0,56640.0,56640.0,219.0,219.0,True,1238.087517,1151.964233,0.9304384521954597,10.297562334862384,13.429947958715596,1.3041871000138086,97.11036141189466,74.46045234680398,0.7667611495232641,3482.9561059999996,4079.692888,1.1713305490620503,True,True,source_trace_id+source_outer_idx+source_inner_idx; source-key median per concurrency
07dd40536557a1d6440a923557c3129dc929|9|9,8,12,1,1,07dd40536557a1d6440a923557c3129dc929,9.0,9.0,9.0,9.0,49.0,07dd40536557a1d6440a923557c3129dc929::sa:subagent_002_23b2d9e6,07dd40536557a1d6440a923557c3129dc929::sa:subagent_002_23b2d9e6,subagent,subagent,9.0,9.0,match,match,high_confidence_exact,profiling,profiling,60130.0,60129.0,60096.0,60096.0,221.0,221.0,True,812.083495,2171.990947,2.674590679865991,10.736642959090908,10.983429495454546,1.0229854468760815,93.1389824370831,91.04624383612118,0.9775310128347644,3174.144946,4588.345436,1.4455374641231018,True,True,source_trace_id+source_outer_idx+source_inner_idx; source-key median per concurrency
