root_trace_id,conc8_profiled_request_count,conc8_present,conc12_profiled_request_count,conc12_present,conc16_profiled_request_count,conc16_present
002001296e8a8c38ad9d7cc436d691afc602,34,True,33,True,26,True
006c98de37d819e95b0840e25426bb7ca99d,18,True,18,True,18,True
00ca01c4aaeccee751ae6285beb54dea262f,0,False,0,False,0,False
0196085d85d2075a50b74cd8795ffbdcea9a,58,True,45,True,38,True
02bc0afb13f7a2d9efa86c28511261d85c0e,0,False,0,False,0,False
03e110ac6921c2fe9ac7772a9654314a2beb,52,True,52,True,52,True
0470d446a4514dfe0c6ad0be92853bd13287,173,True,168,True,99,True
04dba6fe621301a1d01fd63b8d02c9645c48,0,False,0,False,0,False
05c249572509162371b7b82339674db64b5d,30,True,0,False,0,False
05f72f78a037cfa5cd4e4541960a574701d9,47,True,0,False,0,False
063179eb93f4337a662e859c5a2c5638e03f,71,True,12,True,12,True
069d7bf5f1efb4e76e3c84510367e6af78a5,162,True,0,False,0,False
077ea9e6554f45bbad9c24a8462bae9a8512,31,True,27,True,0,False
07dd40536557a1d6440a923557c3129dc929,119,True,112,True,13,True
085411a4cc4b15108dd9b50007261a2efb65,92,True,96,True,85,True
085aacf44ac5428ad3c6b4f6cd431e083832,59,True,148,True,37,True
0a279af1bec84c6ab033bb03f5d8bfd6b08d,11,True,35,True,27,True
0a688303b1ae62a97607af8021f2130c2caf,0,False,31,True,24,True
0b7f3ca692f15ae2651a310d9411d70794aa,0,False,96,True,86,True
0bc9c4f798d321286bf39f2543c0c4e4c059,0,False,95,True,97,True
0bcd99353218b9a386b1c4aec13d77abecdb,0,False,30,True,34,True
0bed163ac9566086e14ffd85c7481096d49d,0,False,32,True,50,True
0d41be2aa98333f3662682210647e5971c7b,0,False,15,True,33,True
0d8a816e4819b765d81ff748da94d463f3b2,0,False,16,True,27,True
0db32e2f852a2ea24ed616b31975a84da5e4,0,False,11,True,37,True
0dedb07b5e4362b028db9d8ab90fff7fd4ad,0,False,0,False,18,True
0e4206535a79f980e2b1091181202ea987fe,0,False,0,False,27,True
0ede42538334da8586bc60008762abfc0ab7,0,False,0,False,57,True
0f909e7d63c0d5e1f060d727ada25d910d89,0,False,0,False,16,True
1007f04d2c64580308858bb42f292992929d,0,False,0,False,17,True
11310dce936f02050cadaeae295bcdd1ce7f,0,False,0,False,39,True
117ebe75819d050f308a0a81647893abd02d,0,False,0,False,0,False
12bd4c7c82ae413b035253cb800fc5312111,0,False,0,False,0,False
12cfecf98c158ab54fb65980602421f00d69,0,False,0,False,0,False
12e6fd87f4d3d1f93f96bd7bb6a520043805,0,False,0,False,0,False
13b532ee3aaa0a52b05c3bcc472355ab62b4,0,False,0,False,0,False
13e0b7038bafff59abfdc31aad12dbcd4a2f,0,False,0,False,0,False
14129d470e508b236be22188aa78548ef805,0,False,0,False,0,False
1493faffdc8942e99daa22277f44871a40b8,0,False,0,False,0,False
1499c406c828e8fe6b6af697e7799c6a715b,0,False,0,False,0,False
15ab8fdb8831965bb01e45ac51829cb4e3e3,0,False,0,False,0,False
162d6f4f741a1cf3ce98acb5e3718c3bc0c7,0,False,0,False,0,False
16b968359e79eda8a61415fa7ad536f6cda5,0,False,0,False,0,False
16c18d979235980e8021cfb0a0b3b386305a,0,False,0,False,0,False
16e46bc4d9e121ffbd67ada51cb3f965342f,0,False,0,False,0,False
17808bf55e26681520f3f11f47b5e1260108,0,False,0,False,0,False
18bf3ef42c109a28326d8384f1bcc8dfae37,0,False,0,False,0,False
1a271af3dedd40be2efd413ef35fe7f0f53b,0,False,0,False,0,False
1b5229e3aa8893ca2f4d07d248f9cd9752fb,0,False,0,False,0,False
1b577bfa02cd2c421c0b59c5cac702b3c287,0,False,0,False,0,False
1b57efe98ed202c35114d97e01ec25e8420b,0,False,0,False,0,False
1c4f3018d336b1bf78434d328001bc7bbe49,0,False,0,False,0,False
1cdb6c60ce49f7b74ab6cf59051bab7591e6,0,False,0,False,0,False
1d8a2c1d4dc1f585337036c6ad60e1ce5eb3,0,False,0,False,0,False
1f5f21559e4b79c6d2480796c7218206047f,0,False,0,False,0,False
1fc68c514c7fb89dbc498ae9da77d5476cec,0,False,0,False,0,False
203147a7ad6c355f99290d8ac7811e6de5be,0,False,0,False,0,False
208d6e28928b0b3d3b33db3c690173d15be3,0,False,0,False,0,False
20c87b0b00ac5895cc4528c971b71cce3960,0,False,0,False,0,False
212e46e294bd09113e425ebc8a430cc528a6,0,False,0,False,0,False
21cde366f5bd2f0ff2031b0538496c7e2a05,0,False,0,False,0,False
22a380be2e4f6293f24e32fd637ccc876d73,0,False,0,False,0,False
23074f92872cd4f8212d04cd87e71a2ced7b,0,False,0,False,0,False
23a576b18cd4bacef3d1aa138b060b9407ce,0,False,0,False,0,False
240cd2e1b10e5b738ac6fee166b2aca7eff2,0,False,0,False,0,False
24f457bf9e42d6ffb1cc4bbd279c650bb8b6,0,False,0,False,0,False
259d1cc35e11b72660b8d6a33867cbb93759,0,False,0,False,0,False
2617aab5bca86e337183bf3bfed8812d1acf,0,False,0,False,0,False
264478eebbb2068593da2293ea8b67b31d4e,0,False,0,False,0,False
2654d8b687d9c22001c25155ff2a69840acc,0,False,0,False,0,False
279424d0e53192cde462be8d39c23b52b977,0,False,0,False,0,False
27de9ca964aa7905c2f5438db8bdd72d8b02,0,False,0,False,0,False
2954a6a9181ba856596885f176e08404f2d6,0,False,0,False,0,False
2a2da059b7425d9dc1f999fca1177bc1cdb9,0,False,0,False,0,False
2a4f3506ac5efa421d361390686f34c038e7,0,False,0,False,0,False
2af7f718cc9974b522a7e4864aac085e5288,0,False,0,False,0,False
2b7f327fac593e81c0cf38cedd90b744b753,0,False,0,False,0,False
2d5f050bf77e34d6650e4af92c61bb82a1c9,0,False,0,False,0,False
30aa41167f1a7700bef4c286e83a9f517abb,0,False,0,False,0,False
3107040f1d498b9c8b61bd74f2da2a514e37,0,False,0,False,0,False
31dd54e63bd3605ad9ab96003ab1ae8f39f3,0,False,0,False,0,False
3317a925c2a7f40e9eafe5f5532793a23c67,0,False,0,False,0,False
33c12a75f9b49c1983a8d4d1dacb21ff90fe,0,False,0,False,0,False
3531533f1f293048fc9691b112feafc44e62,0,False,0,False,0,False
35de830dbe1dbe90e6eaa36bc4814c7410ec,0,False,0,False,0,False
3735de09df4f9ac454aee913e2a00633ad0d,0,False,0,False,0,False
37c8d244d81e01d3b70c9f7fe619d9392a24,0,False,0,False,0,False
38f9148d19708a1c29ed7c8505f1b82083aa,0,False,0,False,0,False
3a066e6ad705e8792dec8c84610bbee401cb,0,False,0,False,0,False
3a67ec0b534b4e3e386c7e018b4b99ef06c2,0,False,0,False,0,False
3b1ee678c29a1a23e4a74d67354731cc27f3,0,False,0,False,0,False
3c1fbf5cf98484c7f9ef07f2d4b00e65d829,0,False,0,False,0,False
3c49da29dedf8ccfa4ee310634b4b8af275a,0,False,0,False,0,False
3cb1c6dc71a21714587287306ebe52748568,0,False,0,False,0,False
3d8fcda6a4decdb4d4f56839db6eba041e60,0,False,0,False,0,False
3e119fc3136975fe98cfc7fa73500d6574a0,0,False,0,False,0,False
3e38b72653e23622c6b15d8ca43aeb167917,0,False,0,False,0,False
3e573575f7a9f0d647460e769c0a64e71d59,0,False,0,False,0,False
3e8b931fd474375ea08ae58872aea7a8e0f5,0,False,0,False,0,False
421c59c8640de974ad4d7644b9ea88738998,0,False,0,False,0,False
439e5f9ed3159bd826529d8ae5bd1536903f,0,False,0,False,0,False
43d1f727aec4d8b3f2aec42f816e7fabe193,0,False,0,False,0,False
43eb23b676fb4a9f9bccbc568dbca0d6b352,0,False,0,False,0,False
457a7bf22f9e6961870d5b356ab2bd780fff,0,False,0,False,0,False
458bc16a2a50e993cc97c108d4d19cb9f453,0,False,0,False,0,False
46350c0355fa3f1922abb20cf7f5724bd7cd,0,False,0,False,0,False
46c7f09048fc482e94f4552b0a99a4ca5e30,0,False,0,False,0,False
471e3ed9d7e44080765f4950172ec9443476,0,False,0,False,0,False
476c26ca73449a2c6bf284d0082765620665,0,False,0,False,0,False
47a89e30bcdf1bc8002a026ad7ebfc914766,0,False,0,False,0,False
48f9644a9b17cade09142b3d8f964bea35be,0,False,0,False,0,False
4b433e21f63822412e0f27d5473da9ea1322,0,False,0,False,0,False
4b5b64c7c1aa215a5177db1a78083cccce9d,0,False,0,False,0,False
4b88101f5ed7507b73138a73dfbf55f972de,0,False,0,False,0,False
4ba38d0b213f0aeab695e16da9c91635a817,0,False,0,False,0,False
4c7288cfa9373e0a49308bb974b43d422ab5,0,False,0,False,0,False
4cb074e3cbf03d1709e2b44cbe575807813b,0,False,0,False,0,False
4cccee1943ddca3e762d4425fd9fbd3a858a,0,False,0,False,0,False
4dbd24a9e3ac2103166bac86017ffb696394,0,False,0,False,0,False
4dcd9742e24aa2939887e7b24aaa58e4215a,0,False,0,False,0,False
4dcf5b2627786f87d5f1badf0ccd6e0f6848,0,False,0,False,0,False
4e687509d3c9c0afa7cc8b884d120eeb0d79,0,False,0,False,0,False
4f6988943c04756b546e21ca5be6bed67991,0,False,0,False,0,False
4f982e145c75a42e31f669f1b91a4617ee50,0,False,0,False,0,False
509ad65c576a007df9c0cf1e9863874da21d,0,False,0,False,0,False
515e43cbf9a646bb3e6489bd78f1bf1b361a,0,False,0,False,0,False
524727c36b5459a9c58418e4db0ce22c2661,0,False,0,False,0,False
526f242b0f14fa34da24eb7346123c5025cd,0,False,0,False,0,False
528995cdde1ebf15ccf0b79aec42dba31ce2,0,False,0,False,0,False
5362c8854cfcd4e9b8a816230195741db50b,0,False,0,False,0,False
53caf6ae9c459b2fd1933358f4e418bde61b,0,False,0,False,0,False
55585e80d717eb04ce0a145395cbcaa15f27,0,False,0,False,0,False
5574c0b4f3781f347f747d6d0a85441d51ba,0,False,0,False,0,False
557810b129b9cb3e7402235470567c4e4dc0,0,False,0,False,0,False
557f96e1c557baa7724b7bdfd13c48cce434,0,False,0,False,0,False
55a0906aeb5c8d3b40e7ddc4c61999d1eac4,0,False,0,False,0,False
578354185933aedcdc6c17fbfbfcfb48876b,0,False,0,False,0,False
57f2a77e2d331c0bd73b6fcf3157d48b4190,0,False,0,False,0,False
58df1d60a757e733f6a572d720e17dabd505,0,False,0,False,0,False
5a9a76f59fdf426aa787299972bd5241209e,0,False,0,False,0,False
5b6e131844fbcb4a57f8cf516831dc679004,0,False,0,False,0,False
5bb55882afb8a5ef18dea87812024f0cf441,0,False,0,False,0,False
5c5e408b76e5e22747853915f67be3c491a4,0,False,0,False,0,False
5ca97cc975a39a898d775b63881b22fe178e,0,False,0,False,0,False
5cbd632dae8626a5743d4a3ce38bd74ff9dc,0,False,0,False,0,False
5d0050ea4e9604db7d3244237a8065e15def,0,False,0,False,0,False
5d69b5bc9f47a348d1bcea4e584466876ba1,0,False,0,False,0,False
5d7e313e1d6839e48cc1f27d00f3ce9bae96,0,False,0,False,0,False
5df1df5ca50cef4a3c01d7b3e281e2c852f1,0,False,0,False,0,False
5ed3de2b572d237576f034af300c1a1f65d3,0,False,0,False,0,False
5fc70a9165e6a1fd4bfd1add7ef5452205b2,0,False,0,False,0,False
5fc8495d01a2ad301e8ca7879579f2529029,0,False,0,False,0,False
61234a522253a302eb1df61c3a128797693a,0,False,0,False,0,False
61962299108912449a53f411ed3cf2d1c013,0,False,0,False,0,False
61c4d4d16f2ff84b31dc5970560c55d07dc7,0,False,0,False,0,False
61e3eb63c3a5bb497d6857c036d11e1d225d,0,False,0,False,0,False
62378a8a0d0bdde1ebd85f5dd60a43cd8110,0,False,0,False,0,False
6290f01dc7b4d93637bbb1da2a7130a9efd2,0,False,0,False,0,False
631738ac31321409f3a8de750fd5cd0ea334,0,False,0,False,0,False
6359dd402eb0e2361bf439699c52f5cfea38,0,False,0,False,0,False
63d3960fcc384388d5e7e4df8287cd1be081,0,False,0,False,0,False
6461675d6680680544f3a15eff53f5de2fdb,0,False,0,False,0,False
650af4de4067473b06ccc7b612b6e46d0251,0,False,0,False,0,False
65c7b96990e2e7f206a2c01ed90474f56c57,0,False,0,False,0,False
65e68541af1a7d2427b660ff82d4e100583d,0,False,0,False,0,False
6657d5450178b53a85dc1ce60641bc6a289d,0,False,0,False,0,False
68156cf21f13cdb9f9caef5fbb95cafef6c5,0,False,0,False,0,False
68264e5ae56c9fc98128957cc5905b525b02,0,False,0,False,0,False
68309c98b493f2ec4584da82f72709bc4f4e,0,False,0,False,0,False
6a24d0277a28e652b9e10c05478a314fa2c2,0,False,0,False,0,False
6a66ece7b14e61912eb266be794a6bf62faf,0,False,0,False,0,False
6aebbf9d43cbcbc83ed16e1959c7cc16bff4,0,False,0,False,0,False
6c6be4bc5a49a5d1062b8becdbf188480843,0,False,0,False,0,False
6d5c6b957d5f634a7f820ddff7389e161def,0,False,0,False,0,False
6ec3296ff5a1f4f0ed4507093863aa53a4cc,0,False,0,False,0,False
6ec364366536cd218cfa078d299cf8846a18,0,False,0,False,0,False
6ee1a1c04de8195b46317d1c135db805ce1f,0,False,0,False,0,False
6f1e16774e85dcceb24661f4767c28659a78,0,False,0,False,0,False
706c0abaae61a8e9c2b182672a4527222b02,0,False,0,False,0,False
716b713429c25abc906c9fe185ebb4a7d60c,0,False,0,False,0,False
719e271b50ec1443c53027511e386dc068dc,0,False,0,False,0,False
72d021d543c045e303c44b3c478f626cd21b,0,False,0,False,0,False
748b75ff61b2e460c3a0da7db15be271afa0,0,False,0,False,0,False
7498029bdea4c18e5572e1e616fa9dff6068,0,False,0,False,0,False
751372c9b44c0c709e564dc0c77c7942b841,0,False,0,False,0,False
751fbb2089c7c4303f3ed241f3a7a27a3f2c,0,False,0,False,0,False
7577f2dd2a138934eb22250db3db75dfd622,0,False,0,False,0,False
768086c44de172b3719b40f29aec56303892,0,False,0,False,0,False
7754cd1191c469354df23c7d4e9de242f7cb,0,False,0,False,0,False
77cfef0760bda37fb6f8829cebd9a7871aa5,0,False,0,False,0,False
785073384dac6cfe57bb3c8338f6c6b9a534,0,False,0,False,0,False
786fc2864e590a1a8f57c01636868c677919,0,False,0,False,0,False
7876a142592adb1fa7263e9fb602cd0705ff,0,False,0,False,0,False
788b53058348a00baa750991d084e2cfad40,0,False,0,False,0,False
78a2592ce5ae01ebdd14aa13e1a4ae7bf620,0,False,0,False,0,False
79ea3049f1c4977e9457ffc2feeae309e24b,0,False,0,False,0,False
7b962f1dde638a046d1ce381c550fd26e664,0,False,0,False,0,False
7c3ee75e6c6f002866274113bf220386fecb,0,False,0,False,0,False
7cd243f492d78f2957b1f8d41e68a82b03bf,0,False,0,False,0,False
7e1d737e310877f906f911238c378c39fd0e,0,False,0,False,0,False
7e370a371b3de565f62dd133bd9e496947ac,0,False,0,False,0,False
7e6f3a869f85c4774c84d9ee8b6137a758cc,0,False,0,False,0,False
7f37c31038bfac2d3330fdc6a820a0c81f2e,0,False,0,False,0,False
7faf6e11ec2769f1f15ea43625155f9547a8,0,False,0,False,0,False
7ff48bb238572dba164f441fc274d0cb6e52,0,False,0,False,0,False
806f8753ed1ccc4149dd99aeaacc67bc5f40,0,False,0,False,0,False
813ad2defd2919427d44530b29d11d89e2fa,0,False,0,False,0,False
81f59ffc999a333192d441f1a1d8ec21096a,0,False,0,False,0,False
81fad784ca8c3f4136179dc73184409d21a2,0,False,0,False,0,False
8261fd8e44cd9d3fa44dca2efb198d7ff6c2,0,False,0,False,0,False
82cba15c64ba6bf065188e845a44f3a0815d,0,False,0,False,0,False
846f3b1d41d0bc5a85253fe29e3a22a3f8e8,0,False,0,False,0,False
851f59cb13c11ea3ed019b0fa39a8721a9ab,0,False,0,False,0,False
85d465fa1569228dc4a7c8bddc8f9326123d,0,False,0,False,0,False
873df670bb4cc874c04b79732390b76504b7,0,False,0,False,0,False
89629bb87e4c39185e192ade167a8ff4092b,0,False,0,False,0,False
8ab0a0892b0035b681a85c71d603caeb9e0f,0,False,0,False,0,False
8b4fa919eeed70e24f88f378ad22b98d2d0d,0,False,0,False,0,False
8c0579868fbd7cd6004d92174ae9bbecc938,0,False,0,False,0,False
8c099fe8073c296bc1f0d744fe98e3cc96b3,0,False,0,False,0,False
8cf4650d18343401d3e292608afdcbb57926,0,False,0,False,0,False
8e2301f72609826ad0eb34ad324cb9ac7adc,0,False,0,False,0,False
8e9656e01451be8f2bfcad65595a5d48fd7a,0,False,0,False,0,False
91237fb5e1b97fcdf9c1e3b2dd60bfdde1c0,0,False,0,False,0,False
9169b64ef67aa48f4c693d054e5872bc1eb8,0,False,0,False,0,False
92e0638cb6f1c2438e8b9587408c5f9ed67b,0,False,0,False,0,False
934f19c4ece534be577a6d43454f09e4723e,0,False,0,False,0,False
939cd9c29484a21128e9fa58188cf85919dd,0,False,0,False,0,False
94055207ca7ba1e62a4bdaf29652e35fdf14,0,False,0,False,0,False
94fa70f6a3f08f4260afe7713d2de2808f54,0,False,0,False,0,False
957c75a1ea644fa66deeb8f9ca184612d3c0,0,False,0,False,0,False
9709e5e7e6397448a359dcbc99c917e0e40d,0,False,0,False,0,False
979ae6377c88be0e93531cdb9632795b6a7a,0,False,0,False,0,False
97f2984c856cec78df6e584fbc3d6d4c805a,0,False,0,False,0,False
9806eba7c1edc2b9150138f8aad21c3d9be4,0,False,0,False,0,False
9818ececb3adfe6094838a102661d831b228,0,False,0,False,0,False
999e2abed66eaaa35d853b01bfa5c14318b5,0,False,0,False,0,False
99a5cdafdd06dc0465b165f1214f183a1129,0,False,0,False,0,False
9a5417ec7f3ac6ac6581cca49055c7e52abc,0,False,0,False,0,False
9a7043c3f0a1f0d5c8a570523ddee7ae0b34,0,False,0,False,0,False
9a8866b8e358841abe12986b970e1ffce1ec,0,False,0,False,0,False
9b4c7d4f454ed602b394dfd8fb1e1d06d552,0,False,0,False,0,False
9c5d5610e5219b7a32ccf1caddf248c181c4,0,False,0,False,0,False
9c9b7923cb968897aba0e1168140c0c690f8,0,False,0,False,0,False
9d20c96e47e16cb73b565cfc4d64e416c6ae,0,False,0,False,0,False
9d511bd67ef86e954290ef5269e43903ef31,0,False,0,False,0,False
9ec047754f4ddd94a59fcd0d85213d5f3b1b,0,False,0,False,0,False
9ffdb10e2e20a213d33882f5a5894b8e5ede,0,False,0,False,0,False
a056a538bde9830937a99d153a52b1244ffe,0,False,0,False,0,False
a0af9328a7801764f2d85204236221540430,0,False,0,False,0,False
a195ca82a76d6c63b5683d5becb7097345a7,0,False,0,False,0,False
a1c8f806f868f22e423cd1016130ef83b740,0,False,0,False,0,False
a26302776b9ed6524bac18bdf9a9430f4170,0,False,0,False,0,False
a292f0fd4fc68448e6c7248505b80bd73d51,0,False,0,False,0,False
a2a25745b7f9a00c8b32552b4cb4367bf3e0,0,False,0,False,0,False
a3344328ef1674cda1018e0791fb85a839a8,0,False,0,False,0,False
a3acb7e89fb41af79510cf1ecf36a703490f,0,False,0,False,0,False
a3c4ae7f231019916719b8a51ffe8935741d,0,False,0,False,0,False
a3c6eb84f73da83ae3450100fcf488035cd0,0,False,0,False,0,False
a3d5e06617054d7bf91a3b7c3effac38b5e0,0,False,0,False,0,False
a40785d7169046c12bcab71edcfc4db9c2bf,0,False,0,False,0,False
a41ce9f7012a1233c0c29ee8f590305932c3,0,False,0,False,0,False
a46aa506e8aef39ef68e80643d583a6e25e2,0,False,0,False,0,False
a47f783791e174f0190dd594a0eb776a25c3,0,False,0,False,0,False
a4b26361c3ccfc9b3478769097bb34565074,0,False,0,False,0,False
a4b46754a01f5dfe34181acc945eacdf6aa7,0,False,0,False,0,False
a51e13b78b4bb03c56be13cdaceb72970289,0,False,0,False,0,False
a5c96f3225024136214b4dcc1ea4807e3c3a,0,False,0,False,0,False
a674539221be2e8e1105c0bdf9818557e269,0,False,0,False,0,False
a7287578d52482960c31cc8b57f023a16f7d,0,False,0,False,0,False
a89db4725a97da42ea24bd5128a093ffb215,0,False,0,False,0,False
a8cb459ec5ff0572db2bbe7e1640f488d6ed,0,False,0,False,0,False
a8fdbf3a66dd9a5c616d189bf04fc7f60b47,0,False,0,False,0,False
a91bf3c00614e5be181fe11b7b497c829b46,0,False,0,False,0,False
a9b39cbeb50c38260cc5a06b457f500586a2,0,False,0,False,0,False
aadd71d0581508ebff4de3a061c11c643eeb,0,False,0,False,0,False
ac5f7a7c9662c03f757eba1142136bd244d0,0,False,0,False,0,False
ac8484a39348e8e6120d48d5143982d162a3,0,False,0,False,0,False
ae2b1a3146e2d951e1bc6ab2c3083c083c0a,0,False,0,False,0,False
af10a683bae5a4ff3d5f122fb49f179d94bb,0,False,0,False,0,False
af6b2fe9201b7c425aefcc0bda69fd0ebf23,0,False,0,False,0,False
af7a14edd6c8fc1443f44ce870d528ba9069,0,False,0,False,0,False
b027d691200048179806da0065dabf37801b,0,False,0,False,0,False
b0cc7a9746be5fbe1c8e7e931c664fc3e03c,0,False,0,False,0,False
b199c2d1052dd74beee7d9ff9f7d3eb10376,0,False,0,False,0,False
b255c50766679bf4cff85fc145a4377bcae3,0,False,0,False,0,False
b2c7ea67467bda61fadfa3ac29df2cf6d270,0,False,0,False,0,False
b2d88c6322326f6e3d02a1d8541208e0cad8,0,False,0,False,0,False
b3063a45c5abbf0de6a8c18698d6d66b602b,0,False,0,False,0,False
b4b50a17a08e3550ed1bcd0763ee29f70a72,0,False,0,False,0,False
b4c638cc16e89d17c18da83951a87fbc44dd,0,False,0,False,0,False
b512a23b9794504e2d89ef97957753969731,0,False,0,False,0,False
b5814dfafe18de379ec922b7754a5d4daff3,0,False,0,False,0,False
b699b717b623acb2b6c06db1196258fbb4a7,0,False,0,False,0,False
b6efb1e1f6a30e54031d9777adfadb1a72cd,0,False,0,False,0,False
b72ae592a43643a2c1a7a1381abad6cd93a2,0,False,0,False,0,False
b7bbc5c3113e3b6a00255d48d7db81f6d38a,0,False,0,False,0,False
b81f342ac55e378729c23959beac128c410e,0,False,0,False,0,False
b896573ed9362f3dfd75d294c797be57bce0,0,False,0,False,0,False
b9bd3fd87da01ccbe4e3e0fe9edb0ffabb9f,0,False,0,False,0,False
b9d9b3287a7775ab35b9e26709903d5914cc,0,False,0,False,0,False
ba5120ae0880fa0c925b49ab30f970e01478,0,False,0,False,0,False
badfbde3ccac120284b893a0b16105ffd6e7,0,False,0,False,0,False
bb05502f908fdb0da927ead1002023895bdd,0,False,0,False,0,False
bb5f58b1a76c186b5fb4344fb865295d8064,0,False,0,False,0,False
bbb534b81de65949d67fa190a9f7be487043,0,False,0,False,0,False
bbdcb12440a7ab3496b9fac8b5f9824b1672,0,False,0,False,0,False
bbf1185df6761429530eb87b2850cea0fb60,0,False,0,False,0,False
bc13268102b9b19a2ba778327ccffe8b8848,0,False,0,False,0,False
c002c6bbe260bc87ee6ff7cea1b366cee2ed,0,False,0,False,0,False
c0cab70794c96988c259615b2bb6b8b8afa5,0,False,0,False,0,False
c36a6ae13bcd6f02635a505209867252a05c,0,False,0,False,0,False
c3ffc2f95ae02e31e071727d89ed32b7536f,0,False,0,False,0,False
c46ba0cc37132f9a7885c7d222ef104b68cc,0,False,0,False,0,False
c4b21b8d9ec3f9eb0b1235d8ff1e33ae4fdc,0,False,0,False,0,False
c7cdef4e9eb74c966d9e8dfe982319c9806d,0,False,0,False,0,False
c7f957fd16feff9c2426ddb164994f410ebb,0,False,0,False,0,False
c84315dc1c89737d7a6a58a00ddd86965cb7,0,False,0,False,0,False
c92de7614dddcecc783315ce246e78f26ad2,0,False,0,False,0,False
c95351c4b0d7203d3b7eaac3cde6bff066bd,0,False,0,False,0,False
c97f752dfb70c09da9a0be90ccc35610f9e5,0,False,0,False,0,False
cb17219d8c70ef0352c46b632ca03f990390,0,False,0,False,0,False
cbbac1ac4e0a88cb6ee971ef166fe6a24222,0,False,0,False,0,False
cc95f57029d3e5e668d7809fbefc9f310c49,0,False,0,False,0,False
cd4584af6c7bdfd6acfa82ce4d3dfd4dbcb3,0,False,0,False,0,False
cd85ec9e176c8d3d6aad376464fa591be7de,0,False,0,False,0,False
ce106d8a409642b9ef21ccd4b2c17550e2c3,0,False,0,False,0,False
cee6b94f31cc73d642e0aa58c95529429860,0,False,0,False,0,False
cfad46925e9d22c6ffb3e0cc4bb925a8a5e3,0,False,0,False,0,False
cfc353f6c1e03387083cd335a68258b37685,0,False,0,False,0,False
d37958997a7ccf024d5345c300612b7cd8af,0,False,0,False,0,False
d4496692dd73d8c8db322fcf5f0b49c6dd12,0,False,0,False,0,False
d480788128942610aac49ca88f5e30d251bd,0,False,0,False,0,False
d4f0aae913eb68178cb11b3f1155b40c8236,0,False,0,False,0,False
d509a5b878d6623b66a7a9b3ca72c18d3f7a,0,False,0,False,0,False
d5654f5758cb492c6ad55ad95bc7e268b7a4,0,False,0,False,0,False
d699ceca8ee223fa3521c106c46ccfaf3220,0,False,0,False,0,False
d77fa1e0115f7fca67ca88b95a053d3a41bc,0,False,0,False,0,False
d829e6b69b667f58982de8ce952f5a3f974e,0,False,0,False,0,False
d876a71a07454e7499469e864f89cf6a3345,0,False,0,False,0,False
d8c3707c6b26fa38ba570a5c75925fc104b3,0,False,0,False,0,False
d8f4acab90f50271074b6c75029412205e14,0,False,0,False,0,False
d9145ae4fd8522682ca26948aa7218169b2f,0,False,0,False,0,False
d92c323a6f1e1bf63d1ae4e5f0b2c8708580,0,False,0,False,0,False
d9fdbac761a27257d2ed5b245bea0159f134,0,False,0,False,0,False
da6fe54bfe104d95dca9b25fe9f1df95dc75,0,False,0,False,0,False
da7f35eb92538719bc0ea317a0b25bb25162,0,False,0,False,0,False
dbeddae23acdf408b2de2d9af32b798d5b15,0,False,0,False,0,False
dca1f974f0ca4ccb6bfca96f39fd07f70d17,0,False,0,False,0,False
de50a2a6e5a31db20edcd547ad23543ddcf2,0,False,0,False,0,False
debc7f69e2c2fb94909ecdca600b0a4abd48,0,False,0,False,0,False
dee5c7d3983203a3c39d6a349527c39f65cb,0,False,0,False,0,False
defc9bfd7f57f02511ebfbb0bb7df12a35f7,0,False,0,False,0,False
df2101848c1e9d5ebdbd09f6770bf3ccba9b,0,False,0,False,0,False
df2638f16306b1a10635bdb8e3acf7de0a61,0,False,0,False,0,False
e094e1381d88f8aa6c9592279d51f97c5d87,0,False,0,False,0,False
e23f4f38fe54bd1f2cd95fdcc92f80777e1d,0,False,0,False,0,False
e34c6bb77dc3a1cd393b29f573135d9d76a0,0,False,0,False,0,False
e3dbfa26bddbcb04c48a73dab3fa353d45f4,0,False,0,False,0,False
e44d05579c383a55dbe214c6f6f45b9fd70f,0,False,0,False,0,False
e4651429d2af8cb77124d4315de492809f70,0,False,0,False,0,False
e838158b657825a28d77391211d7edc74e5c,0,False,0,False,0,False
e8590245204f62cd6ef48cfdde8fdf94158c,0,False,0,False,0,False
eb48065aa2cf46f6ce889f1e561a27136768,0,False,0,False,0,False
ebaea288e5d317a016e5d1d3532e3292d9fd,0,False,0,False,0,False
ec18ce9c5b6375a3d4eb5ceaf9bdc19eb13d,0,False,0,False,0,False
ecd3ea07309dd8a6b62b2f90fd8c60fa92b2,0,False,0,False,0,False
ee91d955f5e8f124d82efd830515245453ed,0,False,0,False,0,False
f1b52711b90ba13f25712d3e223db205eab4,0,False,0,False,0,False
f204bbf87b0680d205fe8a14441fbde0ee71,0,False,0,False,0,False
f24dcb93a1e178092c7a526631b26db37cbb,0,False,0,False,0,False
f37e116e597376dfe147f03f3751a9dac2c4,0,False,0,False,0,False
f3f97d3b697443dfb68f849e9be281390b46,0,False,0,False,0,False
f4a11271bc987f3bd3fb20feecf820eca4b1,0,False,0,False,0,False
f50cbb744582cdb59fe82ad9e1aed26fa696,0,False,0,False,0,False
f55b09c145655a754dd122b06cd23be38f50,0,False,0,False,0,False
f5a33d22f368182860a2a60fa9fb6ab0831c,0,False,0,False,0,False
f5b17669626dac68f1c56b5fe263e31b3d75,0,False,0,False,0,False
f6186ae5ee058ff54beafb57cd5cd4a45bdc,0,False,0,False,0,False
f743fc3a78218610319c7bce539d5003049e,0,False,0,False,0,False
f84bb243bca87c442bc8d590ce891728a4e1,0,False,0,False,0,False
f9850a3ba8bfe682d656cb7c0f90330383cf,0,False,0,False,0,False
fa21035070fee58da42219bb8dd7657395f9,0,False,0,False,0,False
faf1c735e47740da102cbceb1521b91ec681,0,False,0,False,0,False
fc1b422d1b7a022e38072ff1e059e2eb718d,0,False,0,False,0,False
fd3e7c6e7be5938e527e3758ad6330793a37,0,False,0,False,0,False
fd58552cd561b0fd7d5490415dfe966e2e20,0,False,0,False,0,False
fdc99869ba95eb9d1af2aeaefe9ac2c86d5e,0,False,0,False,0,False
fdd96c30a6d09d41fe63078cf1a857c89601,0,False,0,False,0,False
fdec977b81e3c53fd225c56e2e5e06894d32,0,False,0,False,0,False
fe1121fb09adada530be4b8c8568a7ee6758,0,False,0,False,0,False
feb4e747ba3cebcacb32f7ce9ee7d300d2d0,0,False,0,False,0,False
ffc9ee68609fce322f066be4f7daf3c62eff,0,False,0,False,0,False
